id,year,category,kind,title,authors,orgs,venue,scholar_url,dbpia_url,note
P0001,2025,umc,비SCI(E) 저널,이동형 조작 로봇의 강건한 물체 파지를 위한 RGB-D 이미지 기반 3차원 비학습 물체 탐지,유영재,서울대학교,정보과학회 컴퓨팅의 실제 논문지,https://scholar.google.com/scholar?q=%22%EC%9D%B4%EB%8F%99%ED%98%95+%EC%A1%B0%EC%9E%91+%EB%A1%9C%EB%B4%87%EC%9D%98+%EA%B0%95%EA%B1%B4%ED%95%9C+%EB%AC%BC%EC%B2%B4+%ED%8C%8C%EC%A7%80%EB%A5%BC+%EC%9C%84%ED%95%9C+RGB-D+%EC%9D%B4%EB%AF%B8%EC%A7%80+%EA%B8%B0%EB%B0%98+3%EC%B0%A8%EC%9B%90+%EB%B9%84%ED%95%99%EC%8A%B5+%EB%AC%BC%EC%B2%B4+%ED%83%90%EC%A7%80%22,https://www.dbpia.co.kr/search/topSearch?query=%EC%9D%B4%EB%8F%99%ED%98%95+%EC%A1%B0%EC%9E%91+%EB%A1%9C%EB%B4%87%EC%9D%98+%EA%B0%95%EA%B1%B4%ED%95%9C+%EB%AC%BC%EC%B2%B4+%ED%8C%8C%EC%A7%80%EB%A5%BC+%EC%9C%84%ED%95%9C+RGB-D+%EC%9D%B4%EB%AF%B8%EC%A7%80+%EA%B8%B0%EB%B0%98+3%EC%B0%A8%EC%9B%90+%EB%B9%84%ED%95%99%EC%8A%B5+%EB%AC%BC%EC%B2%B4+%ED%83%90%EC%A7%80,"dup-ok: umc 2025 / planning 2023 동일 제목 중복 등재 (원본 사이트 데이터 그대로 보존, 사실 확인 필요)"
P0002,2025,umc,비SCI(E) 저널,VGG-Foley-Sound: 대형 멀티모달 모델 및 CLAP을 이용한 폴리 사운드 비디오 데이터셋 재구성,이윤수,서울대학교,정보과학회 컴퓨팅의 실제 논문지,https://scholar.google.com/scholar?q=%22VGG-Foley-Sound%3A+%EB%8C%80%ED%98%95+%EB%A9%80%ED%8B%B0%EB%AA%A8%EB%8B%AC+%EB%AA%A8%EB%8D%B8+%EB%B0%8F+CLAP%EC%9D%84+%EC%9D%B4%EC%9A%A9%ED%95%9C+%ED%8F%B4%EB%A6%AC+%EC%82%AC%EC%9A%B4%EB%93%9C+%EB%B9%84%EB%94%94%EC%98%A4+%EB%8D%B0%EC%9D%B4%ED%84%B0%EC%85%8B+%EC%9E%AC%EA%B5%AC%EC%84%B1%22,https://www.dbpia.co.kr/search/topSearch?query=VGG-Foley-Sound%3A+%EB%8C%80%ED%98%95+%EB%A9%80%ED%8B%B0%EB%AA%A8%EB%8B%AC+%EB%AA%A8%EB%8D%B8+%EB%B0%8F+CLAP%EC%9D%84+%EC%9D%B4%EC%9A%A9%ED%95%9C+%ED%8F%B4%EB%A6%AC+%EC%82%AC%EC%9A%B4%EB%93%9C+%EB%B9%84%EB%94%94%EC%98%A4+%EB%8D%B0%EC%9D%B4%ED%84%B0%EC%85%8B+%EC%9E%AC%EA%B5%AC%EC%84%B1,
P0003,2025,umc,국제학술대회,Unknown object detection by leveraging Segment Anything Model for labeling the OOD objects,Seher Kanwal,한국전자통신연구원,International Conference on Information and Communication Technology Convergence,https://scholar.google.com/scholar?q=%22Unknown+object+detection+by+leveraging+Segment+Anything+Model+for+labeling+the+OOD+objects%22,https://www.dbpia.co.kr/search/topSearch?query=Unknown+object+detection+by+leveraging+Segment+Anything+Model+for+labeling+the+OOD+objects,
P0004,2025,umc,국내학술대회,개방어휘 분할 기반 2지 그리퍼 로봇 파지 시스템,박예솔,서울대학교,ICROS,https://scholar.google.com/scholar?q=%22%EA%B0%9C%EB%B0%A9%EC%96%B4%ED%9C%98+%EB%B6%84%ED%95%A0+%EA%B8%B0%EB%B0%98+2%EC%A7%80+%EA%B7%B8%EB%A6%AC%ED%8D%BC+%EB%A1%9C%EB%B4%87+%ED%8C%8C%EC%A7%80+%EC%8B%9C%EC%8A%A4%ED%85%9C%22,https://www.dbpia.co.kr/search/topSearch?query=%EA%B0%9C%EB%B0%A9%EC%96%B4%ED%9C%98+%EB%B6%84%ED%95%A0+%EA%B8%B0%EB%B0%98+2%EC%A7%80+%EA%B7%B8%EB%A6%AC%ED%8D%BC+%EB%A1%9C%EB%B4%87+%ED%8C%8C%EC%A7%80+%EC%8B%9C%EC%8A%A4%ED%85%9C,
P0005,2025,umc,국내학술대회,신경 렌더링 기반 시점 생성을 통한 개방형 어휘 3차원 인스턴스 분할 성능 보완,윤혜정,서울대학교,ICROS,https://scholar.google.com/scholar?q=%22%EC%8B%A0%EA%B2%BD+%EB%A0%8C%EB%8D%94%EB%A7%81+%EA%B8%B0%EB%B0%98+%EC%8B%9C%EC%A0%90+%EC%83%9D%EC%84%B1%EC%9D%84+%ED%86%B5%ED%95%9C+%EA%B0%9C%EB%B0%A9%ED%98%95+%EC%96%B4%ED%9C%98+3%EC%B0%A8%EC%9B%90+%EC%9D%B8%EC%8A%A4%ED%84%B4%EC%8A%A4+%EB%B6%84%ED%95%A0+%EC%84%B1%EB%8A%A5+%EB%B3%B4%EC%99%84%22,https://www.dbpia.co.kr/search/topSearch?query=%EC%8B%A0%EA%B2%BD+%EB%A0%8C%EB%8D%94%EB%A7%81+%EA%B8%B0%EB%B0%98+%EC%8B%9C%EC%A0%90+%EC%83%9D%EC%84%B1%EC%9D%84+%ED%86%B5%ED%95%9C+%EA%B0%9C%EB%B0%A9%ED%98%95+%EC%96%B4%ED%9C%98+3%EC%B0%A8%EC%9B%90+%EC%9D%B8%EC%8A%A4%ED%84%B4%EC%8A%A4+%EB%B6%84%ED%95%A0+%EC%84%B1%EB%8A%A5+%EB%B3%B4%EC%99%84,
P0006,2025,umc,국내학술대회,3D Gaussian Splatting 기반 Object Grasping을 위한 시각 표현 보강,윤혜정,서울대학교,ICROS,https://scholar.google.com/scholar?q=%223D+Gaussian+Splatting+%EA%B8%B0%EB%B0%98+Object+Grasping%EC%9D%84+%EC%9C%84%ED%95%9C+%EC%8B%9C%EA%B0%81+%ED%91%9C%ED%98%84+%EB%B3%B4%EA%B0%95%22,https://www.dbpia.co.kr/search/topSearch?query=3D+Gaussian+Splatting+%EA%B8%B0%EB%B0%98+Object+Grasping%EC%9D%84+%EC%9C%84%ED%95%9C+%EC%8B%9C%EA%B0%81+%ED%91%9C%ED%98%84+%EB%B3%B4%EA%B0%95,
P0007,2025,umc,국내학술대회,Autolabel with YOLOv10 for Autonomous Data Annotation,심규환,서울대학교,한국컴퓨터종합학술대회,https://scholar.google.com/scholar?q=%22Autolabel+with+YOLOv10+for+Autonomous+Data+Annotation%22,https://www.dbpia.co.kr/search/topSearch?query=Autolabel+with+YOLOv10+for+Autonomous+Data+Annotation,
P0008,2025,umc,국내학술대회,2D 마스크와 멀티 뷰 일관성을 활용한 그래프 기반 클래스 비종속 3D 인스턴스 세분화,박예솔,서울대학교,한국컴퓨터종합학술대회,https://scholar.google.com/scholar?q=%222D+%EB%A7%88%EC%8A%A4%ED%81%AC%EC%99%80+%EB%A9%80%ED%8B%B0+%EB%B7%B0+%EC%9D%BC%EA%B4%80%EC%84%B1%EC%9D%84+%ED%99%9C%EC%9A%A9%ED%95%9C+%EA%B7%B8%EB%9E%98%ED%94%84+%EA%B8%B0%EB%B0%98+%ED%81%B4%EB%9E%98%EC%8A%A4+%EB%B9%84%EC%A2%85%EC%86%8D+3D+%EC%9D%B8%EC%8A%A4%ED%84%B4%EC%8A%A4+%EC%84%B8%EB%B6%84%ED%99%94%22,https://www.dbpia.co.kr/search/topSearch?query=2D+%EB%A7%88%EC%8A%A4%ED%81%AC%EC%99%80+%EB%A9%80%ED%8B%B0+%EB%B7%B0+%EC%9D%BC%EA%B4%80%EC%84%B1%EC%9D%84+%ED%99%9C%EC%9A%A9%ED%95%9C+%EA%B7%B8%EB%9E%98%ED%94%84+%EA%B8%B0%EB%B0%98+%ED%81%B4%EB%9E%98%EC%8A%A4+%EB%B9%84%EC%A2%85%EC%86%8D+3D+%EC%9D%B8%EC%8A%A4%ED%84%B4%EC%8A%A4+%EC%84%B8%EB%B6%84%ED%99%94,
P0009,2025,umc,국제학술대회,On the Consistency of Video Large Language Models in Temporal Comprehension,정민준,서울대학교,CVPR,https://scholar.google.com/scholar?q=%22On+the+Consistency+of+Video+Large+Language+Models+in+Temporal+Comprehension%22,https://www.dbpia.co.kr/search/topSearch?query=On+the+Consistency+of+Video+Large+Language+Models+in+Temporal+Comprehension,
P0010,2025,umc,국제학술대회,OCK: Unsupervised Dynamic Video Prediction with Object-Centric Kinematics,송연지,서울대학교,EMNLP,https://scholar.google.com/scholar?q=%22OCK%3A+Unsupervised+Dynamic+Video+Prediction+with+Object-Centric+Kinematics%22,https://www.dbpia.co.kr/search/topSearch?query=OCK%3A+Unsupervised+Dynamic+Video+Prediction+with+Object-Centric+Kinematics,
P0011,2025,umc,국제학술대회,DA-Fusion: Deformable Attention-based RGB-D Fusion Transformer for Unseen Object Instance Segmentation,박예솔,서울대학교,ICRA,https://scholar.google.com/scholar?q=%22DA-Fusion%3A+Deformable+Attention-based+RGB-D+Fusion+Transformer+for+Unseen+Object+Instance+Segmentation%22,https://www.dbpia.co.kr/search/topSearch?query=DA-Fusion%3A+Deformable+Attention-based+RGB-D+Fusion+Transformer+for+Unseen+Object+Instance+Segmentation,
P0012,2025,umc,국제학술대회,CDIS : Cross-Dimensional Class-Agnostic 3D Instance Segmentation via 2D Mask Tracking and 3D-2D Projection Merging,김준오,서울대학교,IROS,https://scholar.google.com/scholar?q=%22CDIS+%3A+Cross-Dimensional+Class-Agnostic+3D+Instance+Segmentation+via+2D+Mask+Tracking+and+3D-2D+Projection+Merging%22,https://www.dbpia.co.kr/search/topSearch?query=CDIS+%3A+Cross-Dimensional+Class-Agnostic+3D+Instance+Segmentation+via+2D+Mask+Tracking+and+3D-2D+Projection+Merging,
P0013,2025,umc,국제학술대회,Background-aware Moment Detection for Video Moment Retrieval,정민준,서울대학교,WACV,https://scholar.google.com/scholar?q=%22Background-aware+Moment+Detection+for+Video+Moment+Retrieval%22,https://www.dbpia.co.kr/search/topSearch?query=Background-aware+Moment+Detection+for+Video+Moment+Retrieval,
P0014,2025,umc,국제학술대회,Occlusion-robust Stylization for Drawing-based 3D Animation,윤선재,한국과학기술원,ICCV,https://scholar.google.com/scholar?q=%22Occlusion-robust+Stylization+for+Drawing-based+3D+Animation%22,https://www.dbpia.co.kr/search/topSearch?query=Occlusion-robust+Stylization+for+Drawing-based+3D+Animation,
P0015,2025,umc,국제학술대회,Zero-Shot Compositional Video Learning with Coding Rate Reduction,정희석,한양대학교,ICCV,https://scholar.google.com/scholar?q=%22Zero-Shot+Compositional+Video+Learning+with+Coding+Rate+Reduction%22,https://www.dbpia.co.kr/search/topSearch?query=Zero-Shot+Compositional+Video+Learning+with+Coding+Rate+Reduction,
P0016,2025,umc,국내학술대회,복잡한 시각-언어 퍼즐 문제 해결을 위한 코드 스키마 기반 멀티모달 추론,손소영,한양대학교,한국컴퓨터종합학술대회,https://scholar.google.com/scholar?q=%22%EB%B3%B5%EC%9E%A1%ED%95%9C+%EC%8B%9C%EA%B0%81-%EC%96%B8%EC%96%B4+%ED%8D%BC%EC%A6%90+%EB%AC%B8%EC%A0%9C+%ED%95%B4%EA%B2%B0%EC%9D%84+%EC%9C%84%ED%95%9C+%EC%BD%94%EB%93%9C+%EC%8A%A4%ED%82%A4%EB%A7%88+%EA%B8%B0%EB%B0%98+%EB%A9%80%ED%8B%B0%EB%AA%A8%EB%8B%AC+%EC%B6%94%EB%A1%A0%22,https://www.dbpia.co.kr/search/topSearch?query=%EB%B3%B5%EC%9E%A1%ED%95%9C+%EC%8B%9C%EA%B0%81-%EC%96%B8%EC%96%B4+%ED%8D%BC%EC%A6%90+%EB%AC%B8%EC%A0%9C+%ED%95%B4%EA%B2%B0%EC%9D%84+%EC%9C%84%ED%95%9C+%EC%BD%94%EB%93%9C+%EC%8A%A4%ED%82%A4%EB%A7%88+%EA%B8%B0%EB%B0%98+%EB%A9%80%ED%8B%B0%EB%AA%A8%EB%8B%AC+%EC%B6%94%EB%A1%A0,
P0017,2025,umc,국내학술대회,Evaluation of the Efficiency of an Application for Temporomandibular Joint Diagnosis,김효준,조선대학교,대한악안면성형재건의과학회,https://scholar.google.com/scholar?q=%22Evaluation+of+the+Efficiency+of+an+Application+for+Temporomandibular+Joint+Diagnosis%22,https://www.dbpia.co.kr/search/topSearch?query=Evaluation+of+the+Efficiency+of+an+Application+for+Temporomandibular+Joint+Diagnosis,
P0018,2024,umc,SCI(E) 저널,Exploring using jigsaw puzzles for out-of-distribution detection,유연국;신성호;고민환;이규빈,광주과학기술원,Computer Vision and Image Understanding,https://scholar.google.com/scholar?q=%22Exploring+using+jigsaw+puzzles+for+out-of-distribution+detection%22,https://www.dbpia.co.kr/search/topSearch?query=Exploring+using+jigsaw+puzzles+for+out-of-distribution+detection,
P0019,2024,umc,국내학술대회,Leveraging 2D Information in Training for 3D Instance Segmentation,김준오;윤혜정;박예솔;장병탁,서울대학교,2024 한국컴퓨터종합학술대회(KCC),https://scholar.google.com/scholar?q=%22Leveraging+2D+Information+in+Training+for+3D+Instance+Segmentation%22,https://www.dbpia.co.kr/search/topSearch?query=Leveraging+2D+Information+in+Training+for+3D+Instance+Segmentation,
P0020,2024,umc,국내학술대회,시각-언어 모델의 시각적 인식 능력 개선을 위한 환경 변화 행동에 대한 자율 결정 가능성 탐구,신기성;최수형;주영석;장병탁,서울대학교,2024 한국컴퓨터종합학술대회(KCC),https://scholar.google.com/scholar?q=%22%EC%8B%9C%EA%B0%81-%EC%96%B8%EC%96%B4+%EB%AA%A8%EB%8D%B8%EC%9D%98+%EC%8B%9C%EA%B0%81%EC%A0%81+%EC%9D%B8%EC%8B%9D+%EB%8A%A5%EB%A0%A5+%EA%B0%9C%EC%84%A0%EC%9D%84+%EC%9C%84%ED%95%9C+%ED%99%98%EA%B2%BD+%EB%B3%80%ED%99%94+%ED%96%89%EB%8F%99%EC%97%90+%EB%8C%80%ED%95%9C+%EC%9E%90%EC%9C%A8+%EA%B2%B0%EC%A0%95+%EA%B0%80%EB%8A%A5%EC%84%B1+%ED%83%90%EA%B5%AC%22,https://www.dbpia.co.kr/search/topSearch?query=%EC%8B%9C%EA%B0%81-%EC%96%B8%EC%96%B4+%EB%AA%A8%EB%8D%B8%EC%9D%98+%EC%8B%9C%EA%B0%81%EC%A0%81+%EC%9D%B8%EC%8B%9D+%EB%8A%A5%EB%A0%A5+%EA%B0%9C%EC%84%A0%EC%9D%84+%EC%9C%84%ED%95%9C+%ED%99%98%EA%B2%BD+%EB%B3%80%ED%99%94+%ED%96%89%EB%8F%99%EC%97%90+%EB%8C%80%ED%95%9C+%EC%9E%90%EC%9C%A8+%EA%B2%B0%EC%A0%95+%EA%B0%80%EB%8A%A5%EC%84%B1+%ED%83%90%EA%B5%AC,
P0021,2023,umc,국제학술대회,Block Selection Method for Using Feature Norm in Out-of-Distribution Detection,유연국;신성호;이성주;전창현;이규빈,광주과학기술원,"IEEE/CVF Conference on Computer Vision and Pattern Recognition (CVPR), 2023",https://scholar.google.com/scholar?q=%22Block+Selection+Method+for+Using+Feature+Norm+in+Out-of-Distribution+Detection%22,https://www.dbpia.co.kr/search/topSearch?query=Block+Selection+Method+for+Using+Feature+Norm+in+Out-of-Distribution+Detection,
P0022,2023,umc,국제학술대회,Calculating Class-wise Weighted Feature Norm for Detecting Out-Of-Distribution Samples,유연국;신성호;이규빈,광주과학기술원,Ubiquitous Robots,https://scholar.google.com/scholar?q=%22Calculating+Class-wise+Weighted+Feature+Norm+for+Detecting+Out-Of-Distribution+Samples%22,https://www.dbpia.co.kr/search/topSearch?query=Calculating+Class-wise+Weighted+Feature+Norm+for+Detecting+Out-Of-Distribution+Samples,
P0023,2023,umc,국제학술대회,INTapt: Information-Theoretic Adversarial Prompt Tuning for Enhanced Non-Native Speech Recognition,윤은섭;윤희석,서울대학교,Findings of the Association for Computational Linguistics: ACL 2023,https://scholar.google.com/scholar?q=%22INTapt%3A+Information-Theoretic+Adversarial+Prompt+Tuning+for+Enhanced+Non-Native+Speech+Recognition%22,https://www.dbpia.co.kr/search/topSearch?query=INTapt%3A+Information-Theoretic+Adversarial+Prompt+Tuning+for+Enhanced+Non-Native+Speech+Recognition,
P0024,2023,umc,국제학술대회,Learning Geometry-aware Representations by Sketching,이현도;황인우;고현성;최원석;김기범;장병탁,서울대학교,The IEEE/CVF Conference on Computer Vision and Pattern Recognition 2023 (CVPR 2023),https://scholar.google.com/scholar?q=%22Learning+Geometry-aware+Representations+by+Sketching%22,https://www.dbpia.co.kr/search/topSearch?query=Learning+Geometry-aware+Representations+by+Sketching,
P0025,2023,umc,SCI(E) 저널,Video Turing Test: A First Step Towards Human-Level AI,이민수;허유정;최성호;최원석;장병탁,서울대학교,AI MAGAZINE,https://scholar.google.com/scholar?q=%22Video+Turing+Test%3A+A+First+Step+Towards+Human-Level+AI%22,https://www.dbpia.co.kr/search/topSearch?query=Video+Turing+Test%3A+A+First+Step+Towards+Human-Level+AI,
P0026,2023,umc,국내학술대회,객체 중심 표상을 활용한 비지도 비디오 예측 및 생성,송연지;장병탁,서울대학교,한국정보과학회 소프트웨어종합학술대회 (KSC) 2023,https://scholar.google.com/scholar?q=%22%EA%B0%9D%EC%B2%B4+%EC%A4%91%EC%8B%AC+%ED%91%9C%EC%83%81%EC%9D%84+%ED%99%9C%EC%9A%A9%ED%95%9C+%EB%B9%84%EC%A7%80%EB%8F%84+%EB%B9%84%EB%94%94%EC%98%A4+%EC%98%88%EC%B8%A1+%EB%B0%8F+%EC%83%9D%EC%84%B1%22,https://www.dbpia.co.kr/search/topSearch?query=%EA%B0%9D%EC%B2%B4+%EC%A4%91%EC%8B%AC+%ED%91%9C%EC%83%81%EC%9D%84+%ED%99%9C%EC%9A%A9%ED%95%9C+%EB%B9%84%EC%A7%80%EB%8F%84+%EB%B9%84%EB%94%94%EC%98%A4+%EC%98%88%EC%B8%A1+%EB%B0%8F+%EC%83%9D%EC%84%B1,
P0027,2023,umc,국내학술대회,이미지 데이터를 이용한 End-to-End 삼차원 장면 Denoising Diffusion,고현성;윤혜정;장병탁,서울대학교,한국정보과학회 소프트웨어종합학술대회 (KSC) 2023,https://scholar.google.com/scholar?q=%22%EC%9D%B4%EB%AF%B8%EC%A7%80+%EB%8D%B0%EC%9D%B4%ED%84%B0%EB%A5%BC+%EC%9D%B4%EC%9A%A9%ED%95%9C+End-to-End+%EC%82%BC%EC%B0%A8%EC%9B%90+%EC%9E%A5%EB%A9%B4+Denoising+Diffusion%22,https://www.dbpia.co.kr/search/topSearch?query=%EC%9D%B4%EB%AF%B8%EC%A7%80+%EB%8D%B0%EC%9D%B4%ED%84%B0%EB%A5%BC+%EC%9D%B4%EC%9A%A9%ED%95%9C+End-to-End+%EC%82%BC%EC%B0%A8%EC%9B%90+%EC%9E%A5%EB%A9%B4+Denoising+Diffusion,
P0028,2023,umc,비SCI(E) 저널;국내학술대회,이미지 영역 서술을 활용한 장면 그래프 생성 프레임워크,최우석;장병탁;허유정,서울대학교,한국정보과학회 (정보과학회 컴퓨팅의 실제 논문지 제29권 제12호);한국정보과학회 컴퓨터종합합술대회 (KCC) 2023,https://scholar.google.com/scholar?q=%22%EC%9D%B4%EB%AF%B8%EC%A7%80+%EC%98%81%EC%97%AD+%EC%84%9C%EC%88%A0%EC%9D%84+%ED%99%9C%EC%9A%A9%ED%95%9C+%EC%9E%A5%EB%A9%B4+%EA%B7%B8%EB%9E%98%ED%94%84+%EC%83%9D%EC%84%B1+%ED%94%84%EB%A0%88%EC%9E%84%EC%9B%8C%ED%81%AC%22,https://www.dbpia.co.kr/search/topSearch?query=%EC%9D%B4%EB%AF%B8%EC%A7%80+%EC%98%81%EC%97%AD+%EC%84%9C%EC%88%A0%EC%9D%84+%ED%99%9C%EC%9A%A9%ED%95%9C+%EC%9E%A5%EB%A9%B4+%EA%B7%B8%EB%9E%98%ED%94%84+%EC%83%9D%EC%84%B1+%ED%94%84%EB%A0%88%EC%9E%84%EC%9B%8C%ED%81%AC,
P0029,2023,umc,SCI(E) 저널,Efficient Convolutional Neural Networks for Semiconductor Wafer Bin Map Classification,신은미;유창동,한국과학기술원,SENSORS,https://scholar.google.com/scholar?q=%22Efficient+Convolutional+Neural+Networks+for+Semiconductor+Wafer+Bin+Map+Classification%22,https://www.dbpia.co.kr/search/topSearch?query=Efficient+Convolutional+Neural+Networks+for+Semiconductor+Wafer+Bin+Map+Classification,
P0030,2023,umc,SCI(E) 저널,Self-Supervised Visual Representation Learning via Residual Momentum,Trung Pham;Axi Niu;Kang Zhang;Tee Joshua Tian Jin;Trung Xuan Pham;유창동;홍지우,한국과학기술원,IEEE Access,https://scholar.google.com/scholar?q=%22Self-Supervised+Visual+Representation+Learning+via+Residual+Momentum%22,https://www.dbpia.co.kr/search/topSearch?query=Self-Supervised+Visual+Representation+Learning+via+Residual+Momentum,
P0031,2023,umc,비SCI(E) 저널,Skew Class-Balanced Re-Weighting for Unbiased Scene Graph Generation,강해용;유창동,한국과학기술원,MACHINE LEARNING AND KNOWLEDGE EXTRACTION,https://scholar.google.com/scholar?q=%22Skew+Class-Balanced+Re-Weighting+for+Unbiased+Scene+Graph+Generation%22,https://www.dbpia.co.kr/search/topSearch?query=Skew+Class-Balanced+Re-Weighting+for+Unbiased+Scene+Graph+Generation,
P0032,2023,umc,국내학술대회,Improving discriminative capability of anomaly detector using pseudo anomalies and triplet loss,Marcella Astrid;이승익,한국전자통신연구원,KICS Winter Conference 2023 (KICS 2023),https://scholar.google.com/scholar?q=%22Improving+discriminative+capability+of+anomaly+detector+using+pseudo+anomalies+and+triplet+loss%22,https://www.dbpia.co.kr/search/topSearch?query=Improving+discriminative+capability+of+anomaly+detector+using+pseudo+anomalies+and+triplet+loss,
P0033,2023,umc,SCI(E) 저널,PseudoBound: Limiting the Anomaly Reconstruction Capability of One-Class Classifiers Using Pseudo Anomalies,Marcella Astrid;이승익,한국전자통신연구원,NEUROCOMPUTING,https://scholar.google.com/scholar?q=%22PseudoBound%3A+Limiting+the+Anomaly+Reconstruction+Capability+of+One-Class+Classifiers+Using+Pseudo+Anomalies%22,https://www.dbpia.co.kr/search/topSearch?query=PseudoBound%3A+Limiting+the+Anomaly+Reconstruction+Capability+of+One-Class+Classifiers+Using+Pseudo+Anomalies,
P0034,2023,umc,국제학술대회,Dense but Efficient VideoQA for Intricate Compositional Reasoning,이지현;김은솔,한양대학교,Proceedings of the IEEE/CVF Winter Conference on Applications of Computer Vision (WACV),https://scholar.google.com/scholar?q=%22Dense+but+Efficient+VideoQA+for+Intricate+Compositional+Reasoning%22,https://www.dbpia.co.kr/search/topSearch?query=Dense+but+Efficient+VideoQA+for+Intricate+Compositional+Reasoning,
P0035,2022,umc,국제학술대회,DUEL: Adaptive Duplicate Elimination on Working Memory for Self-Supervised Learning,Won-Seok Choi;Byoung-Tak Zhang;Hyundo Lee;Junseok Park;Dong-Sig Han,한국과학기술원,36th Conference on Neural Information Processing Systems (NeurIPS 2022),https://scholar.google.com/scholar?q=%22DUEL%3A+Adaptive+Duplicate+Elimination+on+Working+Memory+for+Self-Supervised+Learning%22,https://www.dbpia.co.kr/search/topSearch?query=DUEL%3A+Adaptive+Duplicate+Elimination+on+Working+Memory+for+Self-Supervised+Learning,
P0036,2022,umc,국제학술대회,Decoupled Adversarial Contrastive Learning for Self-supervised Adversarial Robustness,Chaoning Zhang;Kang Zhang;Chenshuang Zhang;Axi Niu;Jiu Feng;Chang D. Yoo;In So Kweon,한국과학기술원,The 17th European Conference on Computer Vision (ECCV 2022),https://scholar.google.com/scholar?q=%22Decoupled+Adversarial+Contrastive+Learning+for+Self-supervised+Adversarial+Robustness%22,https://www.dbpia.co.kr/search/topSearch?query=Decoupled+Adversarial+Contrastive+Learning+for+Self-supervised+Adversarial+Robustness,
P0037,2022,umc,국제학술대회,SMSMix: Sense Maintained Sentence Mixup for Word Sense Disambiguation,Hee Suk Yoon;Chang D. Yoo;John Harvill;Mark Hasegawa-Johnson;Sunjae Yoon;Eunseop Yoon,한국과학기술원,The 2022 Conference on Empirical Methods in Natural Language Processing,https://scholar.google.com/scholar?q=%22SMSMix%3A+Sense+Maintained+Sentence+Mixup+for+Word+Sense+Disambiguation%22,https://www.dbpia.co.kr/search/topSearch?query=SMSMix%3A+Sense+Maintained+Sentence+Mixup+for+Word+Sense+Disambiguation,
P0038,2022,umc,국제학술대회,Scene Graph Parsing via Abstract Meaning Representation in Pre-trained Language Models,Woo Suk Choi;Byoung-Tak Zhang;Dharani Punithan;Yu-Jung Heo,한국과학기술원,2022 Annual Conference of the North American Chapter of the Association for Computational Linguistics,https://scholar.google.com/scholar?q=%22Scene+Graph+Parsing+via+Abstract+Meaning+Representation+in+Pre-trained+Language+Models%22,https://www.dbpia.co.kr/search/topSearch?query=Scene+Graph+Parsing+via+Abstract+Meaning+Representation+in+Pre-trained+Language+Models,
P0039,2022,umc,국제학술대회,SelecMix: Debiased Learning by Contradicting-pair Sampling,Inwoo Hwang;Byoung-Tak Zhang;Damien Teney;Jin-Hwa Kim;Seong Joon Oh;Yunhyeok Kwak;Sangjun Lee,한국과학기술원,36th Conference on Neural Information Processing Systems (NeurIPS 2022),https://scholar.google.com/scholar?q=%22SelecMix%3A+Debiased+Learning+by+Contradicting-pair+Sampling%22,https://www.dbpia.co.kr/search/topSearch?query=SelecMix%3A+Debiased+Learning+by+Contradicting-pair+Sampling,
P0040,2022,umc,국내학술대회,이미지 분류 문제에서의 반지도학습을 위한 경계성 데이터 생성 비교,Marcella Astrid;이승익,한국전자통신연구원,제3회 한국인공지능학술대회,https://scholar.google.com/scholar?q=%22%EC%9D%B4%EB%AF%B8%EC%A7%80+%EB%B6%84%EB%A5%98+%EB%AC%B8%EC%A0%9C%EC%97%90%EC%84%9C%EC%9D%98+%EB%B0%98%EC%A7%80%EB%8F%84%ED%95%99%EC%8A%B5%EC%9D%84+%EC%9C%84%ED%95%9C+%EA%B2%BD%EA%B3%84%EC%84%B1+%EB%8D%B0%EC%9D%B4%ED%84%B0+%EC%83%9D%EC%84%B1+%EB%B9%84%EA%B5%90%22,https://www.dbpia.co.kr/search/topSearch?query=%EC%9D%B4%EB%AF%B8%EC%A7%80+%EB%B6%84%EB%A5%98+%EB%AC%B8%EC%A0%9C%EC%97%90%EC%84%9C%EC%9D%98+%EB%B0%98%EC%A7%80%EB%8F%84%ED%95%99%EC%8A%B5%EC%9D%84+%EC%9C%84%ED%95%9C+%EA%B2%BD%EA%B3%84%EC%84%B1+%EB%8D%B0%EC%9D%B4%ED%84%B0+%EC%83%9D%EC%84%B1+%EB%B9%84%EA%B5%90,
P0041,2022,umc,국제학술대회,BaSSL: Boundary-aware Self-Supervised Learning for Video Scene Segmentation,Jonghwan Mun;Eun-Sol Kim;Gunsoo Han;Joonseok Lee;Sangho Lee;Seongsu Ha;Minchul Shin,한양대학교,The 16th Asian Conference on Computer Vision (ACCV2022),https://scholar.google.com/scholar?q=%22BaSSL%3A+Boundary-aware+Self-Supervised+Learning+for+Video+Scene+Segmentation%22,https://www.dbpia.co.kr/search/topSearch?query=BaSSL%3A+Boundary-aware+Self-Supervised+Learning+for+Video+Scene+Segmentation,
P0042,2022,umc,국내학술대회,대규모 언어모델을 이용한 상식추론을 위한 지식 프롬프트 생성 방법,심정용;김은솔;박성환,한양대학교,2022 한국소프트웨어종합학술대회,https://scholar.google.com/scholar?q=%22%EB%8C%80%EA%B7%9C%EB%AA%A8+%EC%96%B8%EC%96%B4%EB%AA%A8%EB%8D%B8%EC%9D%84+%EC%9D%B4%EC%9A%A9%ED%95%9C+%EC%83%81%EC%8B%9D%EC%B6%94%EB%A1%A0%EC%9D%84+%EC%9C%84%ED%95%9C+%EC%A7%80%EC%8B%9D+%ED%94%84%EB%A1%AC%ED%94%84%ED%8A%B8+%EC%83%9D%EC%84%B1+%EB%B0%A9%EB%B2%95%22,https://www.dbpia.co.kr/search/topSearch?query=%EB%8C%80%EA%B7%9C%EB%AA%A8+%EC%96%B8%EC%96%B4%EB%AA%A8%EB%8D%B8%EC%9D%84+%EC%9D%B4%EC%9A%A9%ED%95%9C+%EC%83%81%EC%8B%9D%EC%B6%94%EB%A1%A0%EC%9D%84+%EC%9C%84%ED%95%9C+%EC%A7%80%EC%8B%9D+%ED%94%84%EB%A1%AC%ED%94%84%ED%8A%B8+%EC%83%9D%EC%84%B1+%EB%B0%A9%EB%B2%95,
P0043,2022,umc,국내학술대회,수학적 증명을 위한 대규모 언어모델 프롬프팅,온석준;김은솔,한양대학교,2022 한국소프트웨어종합학술대회,https://scholar.google.com/scholar?q=%22%EC%88%98%ED%95%99%EC%A0%81+%EC%A6%9D%EB%AA%85%EC%9D%84+%EC%9C%84%ED%95%9C+%EB%8C%80%EA%B7%9C%EB%AA%A8+%EC%96%B8%EC%96%B4%EB%AA%A8%EB%8D%B8+%ED%94%84%EB%A1%AC%ED%94%84%ED%8C%85%22,https://www.dbpia.co.kr/search/topSearch?query=%EC%88%98%ED%95%99%EC%A0%81+%EC%A6%9D%EB%AA%85%EC%9D%84+%EC%9C%84%ED%95%9C+%EB%8C%80%EA%B7%9C%EB%AA%A8+%EC%96%B8%EC%96%B4%EB%AA%A8%EB%8D%B8+%ED%94%84%EB%A1%AC%ED%94%84%ED%8C%85,
P0044,2022,umc,국내학술대회,의사 경계 기반 군집화를 통한 비지도 영상 경계 분할,김민서;김은솔;정세진,한양대학교,2022 한국소프트웨어종합학술대회,https://scholar.google.com/scholar?q=%22%EC%9D%98%EC%82%AC+%EA%B2%BD%EA%B3%84+%EA%B8%B0%EB%B0%98+%EA%B5%B0%EC%A7%91%ED%99%94%EB%A5%BC+%ED%86%B5%ED%95%9C+%EB%B9%84%EC%A7%80%EB%8F%84+%EC%98%81%EC%83%81+%EA%B2%BD%EA%B3%84+%EB%B6%84%ED%95%A0%22,https://www.dbpia.co.kr/search/topSearch?query=%EC%9D%98%EC%82%AC+%EA%B2%BD%EA%B3%84+%EA%B8%B0%EB%B0%98+%EA%B5%B0%EC%A7%91%ED%99%94%EB%A5%BC+%ED%86%B5%ED%95%9C+%EB%B9%84%EC%A7%80%EB%8F%84+%EC%98%81%EC%83%81+%EA%B2%BD%EA%B3%84+%EB%B6%84%ED%95%A0,
P0045,2025,uqg,국내학술대회,Angiotensin-converting enzyme insertion/deletion gene polymorphism and the progression of cerebral microbleeds,김수연,경희대학교,정보과학회 학술대회,https://scholar.google.com/scholar?q=%22Angiotensin-converting+enzyme+insertion%2Fdeletion+gene+polymorphism+and+the+progression+of+cerebral+microbleeds%22,https://www.dbpia.co.kr/search/topSearch?query=Angiotensin-converting+enzyme+insertion%2Fdeletion+gene+polymorphism+and+the+progression+of+cerebral+microbleeds,
P0046,2025,uqg,SCI(E) 저널,INQUIRER: Harnessing internal knowledge graphs for video question generation,최우석,서울대학교,Knowledge-Based Systems,https://scholar.google.com/scholar?q=%22INQUIRER%3A+Harnessing+internal+knowledge+graphs+for+video+question+generation%22,https://www.dbpia.co.kr/search/topSearch?query=INQUIRER%3A+Harnessing+internal+knowledge+graphs+for+video+question+generation,
P0047,2025,uqg,비SCI(E) 저널,반복적 질의응답 기반 명확화 프레임워크를 통한 시각적 질의 응답 내 모호성 해소,성유정,경희대학교,정보과학회논문지,https://scholar.google.com/scholar?q=%22%EB%B0%98%EB%B3%B5%EC%A0%81+%EC%A7%88%EC%9D%98%EC%9D%91%EB%8B%B5+%EA%B8%B0%EB%B0%98+%EB%AA%85%ED%99%95%ED%99%94+%ED%94%84%EB%A0%88%EC%9E%84%EC%9B%8C%ED%81%AC%EB%A5%BC+%ED%86%B5%ED%95%9C+%EC%8B%9C%EA%B0%81%EC%A0%81+%EC%A7%88%EC%9D%98+%EC%9D%91%EB%8B%B5+%EB%82%B4+%EB%AA%A8%ED%98%B8%EC%84%B1+%ED%95%B4%EC%86%8C%22,https://www.dbpia.co.kr/search/topSearch?query=%EB%B0%98%EB%B3%B5%EC%A0%81+%EC%A7%88%EC%9D%98%EC%9D%91%EB%8B%B5+%EA%B8%B0%EB%B0%98+%EB%AA%85%ED%99%95%ED%99%94+%ED%94%84%EB%A0%88%EC%9E%84%EC%9B%8C%ED%81%AC%EB%A5%BC+%ED%86%B5%ED%95%9C+%EC%8B%9C%EA%B0%81%EC%A0%81+%EC%A7%88%EC%9D%98+%EC%9D%91%EB%8B%B5+%EB%82%B4+%EB%AA%A8%ED%98%B8%EC%84%B1+%ED%95%B4%EC%86%8C,
P0048,2025,uqg,국내학술대회,불확실성 해소를 위한 로봇의 질문 생성 전략에 대한 사용자 만족도 연구,조미영,한국전자통신연구원,대한전자공학회 하계학술대회,https://scholar.google.com/scholar?q=%22%EB%B6%88%ED%99%95%EC%8B%A4%EC%84%B1+%ED%95%B4%EC%86%8C%EB%A5%BC+%EC%9C%84%ED%95%9C+%EB%A1%9C%EB%B4%87%EC%9D%98+%EC%A7%88%EB%AC%B8+%EC%83%9D%EC%84%B1+%EC%A0%84%EB%9E%B5%EC%97%90+%EB%8C%80%ED%95%9C+%EC%82%AC%EC%9A%A9%EC%9E%90+%EB%A7%8C%EC%A1%B1%EB%8F%84+%EC%97%B0%EA%B5%AC%22,https://www.dbpia.co.kr/search/topSearch?query=%EB%B6%88%ED%99%95%EC%8B%A4%EC%84%B1+%ED%95%B4%EC%86%8C%EB%A5%BC+%EC%9C%84%ED%95%9C+%EB%A1%9C%EB%B4%87%EC%9D%98+%EC%A7%88%EB%AC%B8+%EC%83%9D%EC%84%B1+%EC%A0%84%EB%9E%B5%EC%97%90+%EB%8C%80%ED%95%9C+%EC%82%AC%EC%9A%A9%EC%9E%90+%EB%A7%8C%EC%A1%B1%EB%8F%84+%EC%97%B0%EA%B5%AC,
P0049,2025,uqg,국제학술대회,R-EQA: Retrieval-Augmented Generation for Embodied Question Answering,옹효빈,한국전자통신연구원,CVPR Workshop (Embodied AI),https://scholar.google.com/scholar?q=%22R-EQA%3A+Retrieval-Augmented+Generation+for+Embodied+Question+Answering%22,https://www.dbpia.co.kr/search/topSearch?query=R-EQA%3A+Retrieval-Augmented+Generation+for+Embodied+Question+Answering,
P0050,2025,uqg,국내학술대회,검색 증강 기법을 활용한 효율적인 에피소드 메모리 기반 Embodied Question Answering,옹효빈,한국전자통신연구원,대한전자공학회 하계종합학술대회,https://scholar.google.com/scholar?q=%22%EA%B2%80%EC%83%89+%EC%A6%9D%EA%B0%95+%EA%B8%B0%EB%B2%95%EC%9D%84+%ED%99%9C%EC%9A%A9%ED%95%9C+%ED%9A%A8%EC%9C%A8%EC%A0%81%EC%9D%B8+%EC%97%90%ED%94%BC%EC%86%8C%EB%93%9C+%EB%A9%94%EB%AA%A8%EB%A6%AC+%EA%B8%B0%EB%B0%98+Embodied+Question+Answering%22,https://www.dbpia.co.kr/search/topSearch?query=%EA%B2%80%EC%83%89+%EC%A6%9D%EA%B0%95+%EA%B8%B0%EB%B2%95%EC%9D%84+%ED%99%9C%EC%9A%A9%ED%95%9C+%ED%9A%A8%EC%9C%A8%EC%A0%81%EC%9D%B8+%EC%97%90%ED%94%BC%EC%86%8C%EB%93%9C+%EB%A9%94%EB%AA%A8%EB%A6%AC+%EA%B8%B0%EB%B0%98+Embodied+Question+Answering,
P0051,2025,uqg,국제학술대회,Episode-Level Multimodal KV Caching for Embodied Question Answering,옹효빈,한국전자통신연구원,NeurIPS Workshop (Efficient Reasoning),https://scholar.google.com/scholar?q=%22Episode-Level+Multimodal+KV+Caching+for+Embodied+Question+Answering%22,https://www.dbpia.co.kr/search/topSearch?query=Episode-Level+Multimodal+KV+Caching+for+Embodied+Question+Answering,
P0052,2025,uqg,국내학술대회,거대언어모델을 활용한 응답 자동평가에서 모델 및 리커트 척도 설정이 미치는 영향,장유원,서울대학교,한국컴퓨터종합학술대회,https://scholar.google.com/scholar?q=%22%EA%B1%B0%EB%8C%80%EC%96%B8%EC%96%B4%EB%AA%A8%EB%8D%B8%EC%9D%84+%ED%99%9C%EC%9A%A9%ED%95%9C+%EC%9D%91%EB%8B%B5+%EC%9E%90%EB%8F%99%ED%8F%89%EA%B0%80%EC%97%90%EC%84%9C+%EB%AA%A8%EB%8D%B8+%EB%B0%8F+%EB%A6%AC%EC%BB%A4%ED%8A%B8+%EC%B2%99%EB%8F%84+%EC%84%A4%EC%A0%95%EC%9D%B4+%EB%AF%B8%EC%B9%98%EB%8A%94+%EC%98%81%ED%96%A5%22,https://www.dbpia.co.kr/search/topSearch?query=%EA%B1%B0%EB%8C%80%EC%96%B8%EC%96%B4%EB%AA%A8%EB%8D%B8%EC%9D%84+%ED%99%9C%EC%9A%A9%ED%95%9C+%EC%9D%91%EB%8B%B5+%EC%9E%90%EB%8F%99%ED%8F%89%EA%B0%80%EC%97%90%EC%84%9C+%EB%AA%A8%EB%8D%B8+%EB%B0%8F+%EB%A6%AC%EC%BB%A4%ED%8A%B8+%EC%B2%99%EB%8F%84+%EC%84%A4%EC%A0%95%EC%9D%B4+%EB%AF%B8%EC%B9%98%EB%8A%94+%EC%98%81%ED%96%A5,
P0053,2025,uqg,국제학술대회,Confidence-guided Refinement Reasoning for Zero-shot Question Answering,장유원,서울대학교,EMNLP,https://scholar.google.com/scholar?q=%22Confidence-guided+Refinement+Reasoning+for+Zero-shot+Question+Answering%22,https://www.dbpia.co.kr/search/topSearch?query=Confidence-guided+Refinement+Reasoning+for+Zero-shot+Question+Answering,
P0054,2025,uqg,국제학술대회,Can Video LLMs Refuse to Answer? Alignment for Answerability in Video Large Language Models,윤은섭,한국과학기술원,ICLR,https://scholar.google.com/scholar?q=%22Can+Video+LLMs+Refuse+to+Answer%3F+Alignment+for+Answerability+in+Video+Large+Language+Models%22,https://www.dbpia.co.kr/search/topSearch?query=Can+Video+LLMs+Refuse+to+Answer%3F+Alignment+for+Answerability+in+Video+Large+Language+Models,
P0055,2024,uqg,국제학술대회,CAUS: A Dataset for Question Generation based on Human Cognition Leveraging Large Language Models,Minjung Shin;Donghyun Kim;Jeh-Kwang Ryu,동국대학교,Proceedings of the Annual Meeting of the Cognitive Science Society,https://scholar.google.com/scholar?q=%22CAUS%3A+A+Dataset+for+Question+Generation+based+on+Human+Cognition+Leveraging+Large+Language+Models%22,https://www.dbpia.co.kr/search/topSearch?query=CAUS%3A+A+Dataset+for+Question+Generation+based+on+Human+Cognition+Leveraging+Large+Language+Models,
P0056,2024,uqg,국제학술대회,CogME: A Cognition-Inspired Multi-Dimensional Evaluation Metric for Story Understanding,Minjung Shin;Seoungho Choi;Yu-Jung Heo;Minsu Lee;Byoung-Tak Zhang;Jeh-Kwang Ryu,동국대학교,Proceedings of the Annual Meeting of the Cognitive Science Society,https://scholar.google.com/scholar?q=%22CogME%3A+A+Cognition-Inspired+Multi-Dimensional+Evaluation+Metric+for+Story+Understanding%22,https://www.dbpia.co.kr/search/topSearch?query=CogME%3A+A+Cognition-Inspired+Multi-Dimensional+Evaluation+Metric+for+Story+Understanding,
P0057,2024,uqg,국내학술대회,보조 질문과 응답을 사용한 효과적인 이미지 질의응답 추론 방법,장유원;이민수;장병탁,서울대학교,2024 한국컴퓨터종합학술대회(KCC),https://scholar.google.com/scholar?q=%22%EB%B3%B4%EC%A1%B0+%EC%A7%88%EB%AC%B8%EA%B3%BC+%EC%9D%91%EB%8B%B5%EC%9D%84+%EC%82%AC%EC%9A%A9%ED%95%9C+%ED%9A%A8%EA%B3%BC%EC%A0%81%EC%9D%B8+%EC%9D%B4%EB%AF%B8%EC%A7%80+%EC%A7%88%EC%9D%98%EC%9D%91%EB%8B%B5+%EC%B6%94%EB%A1%A0+%EB%B0%A9%EB%B2%95%22,https://www.dbpia.co.kr/search/topSearch?query=%EB%B3%B4%EC%A1%B0+%EC%A7%88%EB%AC%B8%EA%B3%BC+%EC%9D%91%EB%8B%B5%EC%9D%84+%EC%82%AC%EC%9A%A9%ED%95%9C+%ED%9A%A8%EA%B3%BC%EC%A0%81%EC%9D%B8+%EC%9D%B4%EB%AF%B8%EC%A7%80+%EC%A7%88%EC%9D%98%EC%9D%91%EB%8B%B5+%EC%B6%94%EB%A1%A0+%EB%B0%A9%EB%B2%95,
P0058,2024,uqg,국내학술대회,비디오 스토리 이해를 위한 계층적 지식 그래프 기반 질문생성,최우석;장유원;이민수;장병탁,서울대학교,2024 한국컴퓨터종합학술대회(KCC),https://scholar.google.com/scholar?q=%22%EB%B9%84%EB%94%94%EC%98%A4+%EC%8A%A4%ED%86%A0%EB%A6%AC+%EC%9D%B4%ED%95%B4%EB%A5%BC+%EC%9C%84%ED%95%9C+%EA%B3%84%EC%B8%B5%EC%A0%81+%EC%A7%80%EC%8B%9D+%EA%B7%B8%EB%9E%98%ED%94%84+%EA%B8%B0%EB%B0%98+%EC%A7%88%EB%AC%B8%EC%83%9D%EC%84%B1%22,https://www.dbpia.co.kr/search/topSearch?query=%EB%B9%84%EB%94%94%EC%98%A4+%EC%8A%A4%ED%86%A0%EB%A6%AC+%EC%9D%B4%ED%95%B4%EB%A5%BC+%EC%9C%84%ED%95%9C+%EA%B3%84%EC%B8%B5%EC%A0%81+%EC%A7%80%EC%8B%9D+%EA%B7%B8%EB%9E%98%ED%94%84+%EA%B8%B0%EB%B0%98+%EC%A7%88%EB%AC%B8%EC%83%9D%EC%84%B1,
P0059,2024,uqg,국내학술대회,자문자답을 통한 에이전트의 제로샷 행동 계획,신수연;장병탁,서울대학교,2024 한국컴퓨터종합학술대회(KCC),https://scholar.google.com/scholar?q=%22%EC%9E%90%EB%AC%B8%EC%9E%90%EB%8B%B5%EC%9D%84+%ED%86%B5%ED%95%9C+%EC%97%90%EC%9D%B4%EC%A0%84%ED%8A%B8%EC%9D%98+%EC%A0%9C%EB%A1%9C%EC%83%B7+%ED%96%89%EB%8F%99+%EA%B3%84%ED%9A%8D%22,https://www.dbpia.co.kr/search/topSearch?query=%EC%9E%90%EB%AC%B8%EC%9E%90%EB%8B%B5%EC%9D%84+%ED%86%B5%ED%95%9C+%EC%97%90%EC%9D%B4%EC%A0%84%ED%8A%B8%EC%9D%98+%EC%A0%9C%EB%A1%9C%EC%83%B7+%ED%96%89%EB%8F%99+%EA%B3%84%ED%9A%8D,
P0060,2023,uqg,SCI(E) 저널,Question difficulty estimation via enhanced directional modality association transformer,김봉민;박규민;박성배,경희대학교,APPLIED INTELLIGENCE,https://scholar.google.com/scholar?q=%22Question+difficulty+estimation+via+enhanced+directional+modality+association+transformer%22,https://www.dbpia.co.kr/search/topSearch?query=Question+difficulty+estimation+via+enhanced+directional+modality+association+transformer,
P0061,2023,uqg,국내학술대회,질문 생성 성능 향상을 위한 대규모 언어 모델 Post-training 적용 방법,박규민;양민석;홍충선;박성배,동국대학교,2023 한국소프트웨어종합학술대회,https://scholar.google.com/scholar?q=%22%EC%A7%88%EB%AC%B8+%EC%83%9D%EC%84%B1+%EC%84%B1%EB%8A%A5+%ED%96%A5%EC%83%81%EC%9D%84+%EC%9C%84%ED%95%9C+%EB%8C%80%EA%B7%9C%EB%AA%A8+%EC%96%B8%EC%96%B4+%EB%AA%A8%EB%8D%B8+Post-training+%EC%A0%81%EC%9A%A9+%EB%B0%A9%EB%B2%95%22,https://www.dbpia.co.kr/search/topSearch?query=%EC%A7%88%EB%AC%B8+%EC%83%9D%EC%84%B1+%EC%84%B1%EB%8A%A5+%ED%96%A5%EC%83%81%EC%9D%84+%EC%9C%84%ED%95%9C+%EB%8C%80%EA%B7%9C%EB%AA%A8+%EC%96%B8%EC%96%B4+%EB%AA%A8%EB%8D%B8+Post-training+%EC%A0%81%EC%9A%A9+%EB%B0%A9%EB%B2%95,
P0062,2023,uqg,국내학술대회,질문 생성을 위한 대규모 언어 모델에 Low-Rank Adaptation 적용 방법,박규민;홍충선;박성배,동국대학교,2023 한국컴퓨터종합학술대회,https://scholar.google.com/scholar?q=%22%EC%A7%88%EB%AC%B8+%EC%83%9D%EC%84%B1%EC%9D%84+%EC%9C%84%ED%95%9C+%EB%8C%80%EA%B7%9C%EB%AA%A8+%EC%96%B8%EC%96%B4+%EB%AA%A8%EB%8D%B8%EC%97%90+Low-Rank+Adaptation+%EC%A0%81%EC%9A%A9+%EB%B0%A9%EB%B2%95%22,https://www.dbpia.co.kr/search/topSearch?query=%EC%A7%88%EB%AC%B8+%EC%83%9D%EC%84%B1%EC%9D%84+%EC%9C%84%ED%95%9C+%EB%8C%80%EA%B7%9C%EB%AA%A8+%EC%96%B8%EC%96%B4+%EB%AA%A8%EB%8D%B8%EC%97%90+Low-Rank+Adaptation+%EC%A0%81%EC%9A%A9+%EB%B0%A9%EB%B2%95,
P0063,2023,uqg,국제학술대회,The Dialog Must Go On: Improving Visual Dialog via Generative Self-Training,강기천;김성동;김진화;곽동현;장병탁,서울대학교,The IEEE/CVF Conference on Computer Vision and Pattern Recognition 2023 (CVPR 2023),https://scholar.google.com/scholar?q=%22The+Dialog+Must+Go+On%3A+Improving+Visual+Dialog+via+Generative+Self-Training%22,https://www.dbpia.co.kr/search/topSearch?query=The+Dialog+Must+Go+On%3A+Improving+Visual+Dialog+via+Generative+Self-Training,
P0064,2022,uqg,국제학술대회,Post-Training with Interrogative Sentences for Enhancing BART-based Korean Question Generator,Gyu-Min Park;Seong-Bae Park;Seong-Eun Hong,동국대학교,Proceedings of the 2nd Conference of the Asia-Pacific Chapter of the Association for Computational Linguistics and the 12th International Joint Conference on Natural Language Processing (AACL-IJCNLP 2022),https://scholar.google.com/scholar?q=%22Post-Training+with+Interrogative+Sentences+for+Enhancing+BART-based+Korean+Question+Generator%22,https://www.dbpia.co.kr/search/topSearch?query=Post-Training+with+Interrogative+Sentences+for+Enhancing+BART-based+Korean+Question+Generator,
P0065,2022,uqg,국제학술대회,Modal-specific Pseudo Query Generation for Video Corpus Moment Retrieval,Minjoon Jung;Byoung-Tak Zhang;Jin-Hwa Kim;Joochan Kim;Seongho Choi,서울대학교,The 2022 Conference on Empirical Methods in Natural Language Processing,https://scholar.google.com/scholar?q=%22Modal-specific+Pseudo+Query+Generation+for+Video+Corpus+Moment+Retrieval%22,https://www.dbpia.co.kr/search/topSearch?query=Modal-specific+Pseudo+Query+Generation+for+Video+Corpus+Moment+Retrieval,
P0066,2022,uqg,국내학술대회,지식 기반 시각 질의 응답을 위한 문맥 사전 학습 방법,임문경;김은솔;이종원,한양대학교,2022 한국소프트웨어종합학술대회,https://scholar.google.com/scholar?q=%22%EC%A7%80%EC%8B%9D+%EA%B8%B0%EB%B0%98+%EC%8B%9C%EA%B0%81+%EC%A7%88%EC%9D%98+%EC%9D%91%EB%8B%B5%EC%9D%84+%EC%9C%84%ED%95%9C+%EB%AC%B8%EB%A7%A5+%EC%82%AC%EC%A0%84+%ED%95%99%EC%8A%B5+%EB%B0%A9%EB%B2%95%22,https://www.dbpia.co.kr/search/topSearch?query=%EC%A7%80%EC%8B%9D+%EA%B8%B0%EB%B0%98+%EC%8B%9C%EA%B0%81+%EC%A7%88%EC%9D%98+%EC%9D%91%EB%8B%B5%EC%9D%84+%EC%9C%84%ED%95%9C+%EB%AC%B8%EB%A7%A5+%EC%82%AC%EC%A0%84+%ED%95%99%EC%8A%B5+%EB%B0%A9%EB%B2%95,
P0067,2025,ocl2,비SCI(E) 저널,한계효용 체감의 법칙을 적용한 강화학습: 다중 에이전트의 효율적이고 평등한 자원 분배,이윤수,서울대학교,정보과학회논문지,https://scholar.google.com/scholar?q=%22%ED%95%9C%EA%B3%84%ED%9A%A8%EC%9A%A9+%EC%B2%B4%EA%B0%90%EC%9D%98+%EB%B2%95%EC%B9%99%EC%9D%84+%EC%A0%81%EC%9A%A9%ED%95%9C+%EA%B0%95%ED%99%94%ED%95%99%EC%8A%B5%3A+%EB%8B%A4%EC%A4%91+%EC%97%90%EC%9D%B4%EC%A0%84%ED%8A%B8%EC%9D%98+%ED%9A%A8%EC%9C%A8%EC%A0%81%EC%9D%B4%EA%B3%A0+%ED%8F%89%EB%93%B1%ED%95%9C+%EC%9E%90%EC%9B%90+%EB%B6%84%EB%B0%B0%22,https://www.dbpia.co.kr/search/topSearch?query=%ED%95%9C%EA%B3%84%ED%9A%A8%EC%9A%A9+%EC%B2%B4%EA%B0%90%EC%9D%98+%EB%B2%95%EC%B9%99%EC%9D%84+%EC%A0%81%EC%9A%A9%ED%95%9C+%EA%B0%95%ED%99%94%ED%95%99%EC%8A%B5%3A+%EB%8B%A4%EC%A4%91+%EC%97%90%EC%9D%B4%EC%A0%84%ED%8A%B8%EC%9D%98+%ED%9A%A8%EC%9C%A8%EC%A0%81%EC%9D%B4%EA%B3%A0+%ED%8F%89%EB%93%B1%ED%95%9C+%EC%9E%90%EC%9B%90+%EB%B6%84%EB%B0%B0,
P0068,2025,ocl2,국내학술대회,소규모 데이터셋 병합을 이용한 한국 문화 이미지 생성 모델 미세 조정,이윤수,서울대학교,한국컴퓨터종합학술대회,https://scholar.google.com/scholar?q=%22%EC%86%8C%EA%B7%9C%EB%AA%A8+%EB%8D%B0%EC%9D%B4%ED%84%B0%EC%85%8B+%EB%B3%91%ED%95%A9%EC%9D%84+%EC%9D%B4%EC%9A%A9%ED%95%9C+%ED%95%9C%EA%B5%AD+%EB%AC%B8%ED%99%94+%EC%9D%B4%EB%AF%B8%EC%A7%80+%EC%83%9D%EC%84%B1+%EB%AA%A8%EB%8D%B8+%EB%AF%B8%EC%84%B8+%EC%A1%B0%EC%A0%95%22,https://www.dbpia.co.kr/search/topSearch?query=%EC%86%8C%EA%B7%9C%EB%AA%A8+%EB%8D%B0%EC%9D%B4%ED%84%B0%EC%85%8B+%EB%B3%91%ED%95%A9%EC%9D%84+%EC%9D%B4%EC%9A%A9%ED%95%9C+%ED%95%9C%EA%B5%AD+%EB%AC%B8%ED%99%94+%EC%9D%B4%EB%AF%B8%EC%A7%80+%EC%83%9D%EC%84%B1+%EB%AA%A8%EB%8D%B8+%EB%AF%B8%EC%84%B8+%EC%A1%B0%EC%A0%95,
P0069,2025,ocl2,국내학술대회,MHN-VQ: Hopfield-based Soft Quantization for VQ-VAE,정우열,서울대학교,한국컴퓨터종합학술대회,https://scholar.google.com/scholar?q=%22MHN-VQ%3A+Hopfield-based+Soft+Quantization+for+VQ-VAE%22,https://www.dbpia.co.kr/search/topSearch?query=MHN-VQ%3A+Hopfield-based+Soft+Quantization+for+VQ-VAE,
P0070,2025,ocl2,국내학술대회,희소오토인코더를 이용한 대형 언어 모델의 수학적 능력향상,전수진,서울대학교,한국컴퓨터종합학술대회,https://scholar.google.com/scholar?q=%22%ED%9D%AC%EC%86%8C%EC%98%A4%ED%86%A0%EC%9D%B8%EC%BD%94%EB%8D%94%EB%A5%BC+%EC%9D%B4%EC%9A%A9%ED%95%9C+%EB%8C%80%ED%98%95+%EC%96%B8%EC%96%B4+%EB%AA%A8%EB%8D%B8%EC%9D%98+%EC%88%98%ED%95%99%EC%A0%81+%EB%8A%A5%EB%A0%A5%ED%96%A5%EC%83%81%22,https://www.dbpia.co.kr/search/topSearch?query=%ED%9D%AC%EC%86%8C%EC%98%A4%ED%86%A0%EC%9D%B8%EC%BD%94%EB%8D%94%EB%A5%BC+%EC%9D%B4%EC%9A%A9%ED%95%9C+%EB%8C%80%ED%98%95+%EC%96%B8%EC%96%B4+%EB%AA%A8%EB%8D%B8%EC%9D%98+%EC%88%98%ED%95%99%EC%A0%81+%EB%8A%A5%EB%A0%A5%ED%96%A5%EC%83%81,
P0071,2025,ocl2,국내학술대회,국부성을 인지하는 컨셉 병목 모델,전수진,서울대학교,한국컴퓨터종합학술대회,https://scholar.google.com/scholar?q=%22%EA%B5%AD%EB%B6%80%EC%84%B1%EC%9D%84+%EC%9D%B8%EC%A7%80%ED%95%98%EB%8A%94+%EC%BB%A8%EC%85%89+%EB%B3%91%EB%AA%A9+%EB%AA%A8%EB%8D%B8%22,https://www.dbpia.co.kr/search/topSearch?query=%EA%B5%AD%EB%B6%80%EC%84%B1%EC%9D%84+%EC%9D%B8%EC%A7%80%ED%95%98%EB%8A%94+%EC%BB%A8%EC%85%89+%EB%B3%91%EB%AA%A9+%EB%AA%A8%EB%8D%B8,
P0072,2025,ocl2,국제학술대회,Truncated Gaussian Policy for Debiased Continuous Control,이강훈,서울대학교,AAAI,https://scholar.google.com/scholar?q=%22Truncated+Gaussian+Policy+for+Debiased+Continuous+Control%22,https://www.dbpia.co.kr/search/topSearch?query=Truncated+Gaussian+Policy+for+Debiased+Continuous+Control,
P0073,2025,ocl2,국제학술대회,Representation Bending for Large Language Model Safety,Ashkan Yousefpour,서울대학교,ACL,https://scholar.google.com/scholar?q=%22Representation+Bending+for+Large+Language+Model+Safety%22,https://www.dbpia.co.kr/search/topSearch?query=Representation+Bending+for+Large+Language+Model+Safety,
P0074,2025,ocl2,국제학술대회,Large Language Models Still Exhibit Bias in Long Text,정원재,서울대학교,ACL,https://scholar.google.com/scholar?q=%22Large+Language+Models+Still+Exhibit+Bias+in+Long+Text%22,https://www.dbpia.co.kr/search/topSearch?query=Large+Language+Models+Still+Exhibit+Bias+in+Long+Text,
P0075,2025,ocl2,국제학술대회,How Classifier Features Transfer to Downstream: An Asymptotic Analysis in a Two-Layer Model,유희빈,서울대학교,NeurIPS,https://scholar.google.com/scholar?q=%22How+Classifier+Features+Transfer+to+Downstream%3A+An+Asymptotic+Analysis+in+a+Two-Layer+Model%22,https://www.dbpia.co.kr/search/topSearch?query=How+Classifier+Features+Transfer+to+Downstream%3A+An+Asymptotic+Analysis+in+a+Two-Layer+Model,
P0076,2025,ocl2,국제학술대회,Preference Distillation via Value based Reinforcement Learning,권민찬,한국과학기술원,NeurIPS,https://scholar.google.com/scholar?q=%22Preference+Distillation+via+Value+based+Reinforcement+Learning%22,https://www.dbpia.co.kr/search/topSearch?query=Preference+Distillation+via+Value+based+Reinforcement+Learning,
P0077,2025,ocl2,국내학술대회,노이즈 라벨을 고려한 의료 데이터 학습을 위한 파운데이션 모델 기반 라벨 스무딩,허윤재,광주과학기술원,한국방송미디어공학회 하계학술대회,https://scholar.google.com/scholar?q=%22%EB%85%B8%EC%9D%B4%EC%A6%88+%EB%9D%BC%EB%B2%A8%EC%9D%84+%EA%B3%A0%EB%A0%A4%ED%95%9C+%EC%9D%98%EB%A3%8C+%EB%8D%B0%EC%9D%B4%ED%84%B0+%ED%95%99%EC%8A%B5%EC%9D%84+%EC%9C%84%ED%95%9C+%ED%8C%8C%EC%9A%B4%EB%8D%B0%EC%9D%B4%EC%85%98+%EB%AA%A8%EB%8D%B8+%EA%B8%B0%EB%B0%98+%EB%9D%BC%EB%B2%A8+%EC%8A%A4%EB%AC%B4%EB%94%A9%22,https://www.dbpia.co.kr/search/topSearch?query=%EB%85%B8%EC%9D%B4%EC%A6%88+%EB%9D%BC%EB%B2%A8%EC%9D%84+%EA%B3%A0%EB%A0%A4%ED%95%9C+%EC%9D%98%EB%A3%8C+%EB%8D%B0%EC%9D%B4%ED%84%B0+%ED%95%99%EC%8A%B5%EC%9D%84+%EC%9C%84%ED%95%9C+%ED%8C%8C%EC%9A%B4%EB%8D%B0%EC%9D%B4%EC%85%98+%EB%AA%A8%EB%8D%B8+%EA%B8%B0%EB%B0%98+%EB%9D%BC%EB%B2%A8+%EC%8A%A4%EB%AC%B4%EB%94%A9,
P0078,2024,ocl2,국제학술대회,Communicating Unexpectedness for Out-of-Distribution Multi-Agent Reinforcement Learning,이민후;김기범;신수웅;이민수;장병탁,서울대학교,AAAI 2024 Workshop: Cooperative Multi-Agent Systems Decision-Making and Learning: From Individual Needs to Swarm Intelligence,https://scholar.google.com/scholar?q=%22Communicating+Unexpectedness+for+Out-of-Distribution+Multi-Agent+Reinforcement+Learning%22,https://www.dbpia.co.kr/search/topSearch?query=Communicating+Unexpectedness+for+Out-of-Distribution+Multi-Agent+Reinforcement+Learning,
P0079,2024,ocl2,국제학술대회,DUEL: Duplicate Elimination on Active Memory for Self-Supervised Class-Imbalanced Learning,최원석;이현도;한동식;박준석;구희연;장병탁,서울대학교,AAAI Conference on Artificial Intelligence,https://scholar.google.com/scholar?q=%22DUEL%3A+Duplicate+Elimination+on+Active+Memory+for+Self-Supervised+Class-Imbalanced+Learning%22,https://www.dbpia.co.kr/search/topSearch?query=DUEL%3A+Duplicate+Elimination+on+Active+Memory+for+Self-Supervised+Class-Imbalanced+Learning,
P0080,2024,ocl2,국제학술대회,Efficient Monte Carlo Tree Search via On-the-Fly State-Conditioned Action Abstraction,곽윤혁;황인우;김두영;이상학;장병탁,서울대학교,"Uncertainty in Artificial Intelligence (UAI), 2024",https://scholar.google.com/scholar?q=%22Efficient+Monte+Carlo+Tree+Search+via+On-the-Fly+State-Conditioned+Action+Abstraction%22,https://www.dbpia.co.kr/search/topSearch?query=Efficient+Monte+Carlo+Tree+Search+via+On-the-Fly+State-Conditioned+Action+Abstraction,
P0081,2024,ocl2,국제학술대회,Fine-Grained Causal Dynamics Learning with Quantization for Improving Robustness in Reinforcement Learning,황인우;곽윤혁;최수형;장병탁;이상학,서울대학교,International Conference on Machine Learning,https://scholar.google.com/scholar?q=%22Fine-Grained+Causal+Dynamics+Learning+with+Quantization+for+Improving+Robustness+in+Reinforcement+Learning%22,https://www.dbpia.co.kr/search/topSearch?query=Fine-Grained+Causal+Dynamics+Learning+with+Quantization+for+Improving+Robustness+in+Reinforcement+Learning,
P0082,2024,ocl2,국제학술대회,Unveiling the Significance of Toddler-Inspired Reward Transition in Goal-Oriented Reinforcement Learning,박준석;김윤성;유희빈;이민후;김기범;최원석;이민수;장병탁,서울대학교,AAAI Conference on Artificial Intelligence,https://scholar.google.com/scholar?q=%22Unveiling+the+Significance+of+Toddler-Inspired+Reward+Transition+in+Goal-Oriented+Reinforcement+Learning%22,https://www.dbpia.co.kr/search/topSearch?query=Unveiling+the+Significance+of+Toddler-Inspired+Reward+Transition+in+Goal-Oriented+Reinforcement+Learning,
P0083,2024,ocl2,국내학술대회,VGG Foley Sound: 대형 멀티모달 모델을 이용한 폴리 사운드 비디오 데이터셋 재구성,이윤수;최수형;설한울;신수연;장병탁,서울대학교,2024 한국컴퓨터종합학술대회(KCC),https://scholar.google.com/scholar?q=%22VGG+Foley+Sound%3A+%EB%8C%80%ED%98%95+%EB%A9%80%ED%8B%B0%EB%AA%A8%EB%8B%AC+%EB%AA%A8%EB%8D%B8%EC%9D%84+%EC%9D%B4%EC%9A%A9%ED%95%9C+%ED%8F%B4%EB%A6%AC+%EC%82%AC%EC%9A%B4%EB%93%9C+%EB%B9%84%EB%94%94%EC%98%A4+%EB%8D%B0%EC%9D%B4%ED%84%B0%EC%85%8B+%EC%9E%AC%EA%B5%AC%EC%84%B1%22,https://www.dbpia.co.kr/search/topSearch?query=VGG+Foley+Sound%3A+%EB%8C%80%ED%98%95+%EB%A9%80%ED%8B%B0%EB%AA%A8%EB%8B%AC+%EB%AA%A8%EB%8D%B8%EC%9D%84+%EC%9D%B4%EC%9A%A9%ED%95%9C+%ED%8F%B4%EB%A6%AC+%EC%82%AC%EC%9A%B4%EB%93%9C+%EB%B9%84%EB%94%94%EC%98%A4+%EB%8D%B0%EC%9D%B4%ED%84%B0%EC%85%8B+%EC%9E%AC%EA%B5%AC%EC%84%B1,
P0084,2024,ocl2,국내학술대회,다중 객체 운동학을 활용한 비지도 시각적 동역학 학습,송연지;장병탁,서울대학교,2024 한국컴퓨터종합학술대회(KCC),https://scholar.google.com/scholar?q=%22%EB%8B%A4%EC%A4%91+%EA%B0%9D%EC%B2%B4+%EC%9A%B4%EB%8F%99%ED%95%99%EC%9D%84+%ED%99%9C%EC%9A%A9%ED%95%9C+%EB%B9%84%EC%A7%80%EB%8F%84+%EC%8B%9C%EA%B0%81%EC%A0%81+%EB%8F%99%EC%97%AD%ED%95%99+%ED%95%99%EC%8A%B5%22,https://www.dbpia.co.kr/search/topSearch?query=%EB%8B%A4%EC%A4%91+%EA%B0%9D%EC%B2%B4+%EC%9A%B4%EB%8F%99%ED%95%99%EC%9D%84+%ED%99%9C%EC%9A%A9%ED%95%9C+%EB%B9%84%EC%A7%80%EB%8F%84+%EC%8B%9C%EA%B0%81%EC%A0%81+%EB%8F%99%EC%97%AD%ED%95%99+%ED%95%99%EC%8A%B5,
P0085,2024,ocl2,국내학술대회,대형 멀티모달 모델을 활용한 비디오에서의 타겟 물체 출입 탐지,김현서;장병탁,서울대학교,2024 한국컴퓨터종합학술대회(KCC),https://scholar.google.com/scholar?q=%22%EB%8C%80%ED%98%95+%EB%A9%80%ED%8B%B0%EB%AA%A8%EB%8B%AC+%EB%AA%A8%EB%8D%B8%EC%9D%84+%ED%99%9C%EC%9A%A9%ED%95%9C+%EB%B9%84%EB%94%94%EC%98%A4%EC%97%90%EC%84%9C%EC%9D%98+%ED%83%80%EA%B2%9F+%EB%AC%BC%EC%B2%B4+%EC%B6%9C%EC%9E%85+%ED%83%90%EC%A7%80%22,https://www.dbpia.co.kr/search/topSearch?query=%EB%8C%80%ED%98%95+%EB%A9%80%ED%8B%B0%EB%AA%A8%EB%8B%AC+%EB%AA%A8%EB%8D%B8%EC%9D%84+%ED%99%9C%EC%9A%A9%ED%95%9C+%EB%B9%84%EB%94%94%EC%98%A4%EC%97%90%EC%84%9C%EC%9D%98+%ED%83%80%EA%B2%9F+%EB%AC%BC%EC%B2%B4+%EC%B6%9C%EC%9E%85+%ED%83%90%EC%A7%80,
P0086,2024,ocl2,비SCI(E) 저널;국내학술대회,손실함수 지형과 사이클로이드 곡선의 비교를 통한 최적화 수렴 속도와 안정성 분석,이윤수;유희빈;이현도;장병탁,서울대학교,한국정보과학회 (정보과학회 컴퓨팅의 실제 논문지 제30권 제3호);한국정보과학회 (정보과학회 컴퓨팅의 실제 논문지 제30권 제9호),https://scholar.google.com/scholar?q=%22%EC%86%90%EC%8B%A4%ED%95%A8%EC%88%98+%EC%A7%80%ED%98%95%EA%B3%BC+%EC%82%AC%EC%9D%B4%ED%81%B4%EB%A1%9C%EC%9D%B4%EB%93%9C+%EA%B3%A1%EC%84%A0%EC%9D%98+%EB%B9%84%EA%B5%90%EB%A5%BC+%ED%86%B5%ED%95%9C+%EC%B5%9C%EC%A0%81%ED%99%94+%EC%88%98%EB%A0%B4+%EC%86%8D%EB%8F%84%EC%99%80+%EC%95%88%EC%A0%95%EC%84%B1+%EB%B6%84%EC%84%9D%22,https://www.dbpia.co.kr/search/topSearch?query=%EC%86%90%EC%8B%A4%ED%95%A8%EC%88%98+%EC%A7%80%ED%98%95%EA%B3%BC+%EC%82%AC%EC%9D%B4%ED%81%B4%EB%A1%9C%EC%9D%B4%EB%93%9C+%EA%B3%A1%EC%84%A0%EC%9D%98+%EB%B9%84%EA%B5%90%EB%A5%BC+%ED%86%B5%ED%95%9C+%EC%B5%9C%EC%A0%81%ED%99%94+%EC%88%98%EB%A0%B4+%EC%86%8D%EB%8F%84%EC%99%80+%EC%95%88%EC%A0%95%EC%84%B1+%EB%B6%84%EC%84%9D,
P0087,2024,ocl2,국내학술대회,유계연속행동공간을 위한 잘린 정규분포 정책 경사 방법,이강훈;김민지;장병탁,서울대학교,2024 한국컴퓨터종합학술대회(KCC),https://scholar.google.com/scholar?q=%22%EC%9C%A0%EA%B3%84%EC%97%B0%EC%86%8D%ED%96%89%EB%8F%99%EA%B3%B5%EA%B0%84%EC%9D%84+%EC%9C%84%ED%95%9C+%EC%9E%98%EB%A6%B0+%EC%A0%95%EA%B7%9C%EB%B6%84%ED%8F%AC+%EC%A0%95%EC%B1%85+%EA%B2%BD%EC%82%AC+%EB%B0%A9%EB%B2%95%22,https://www.dbpia.co.kr/search/topSearch?query=%EC%9C%A0%EA%B3%84%EC%97%B0%EC%86%8D%ED%96%89%EB%8F%99%EA%B3%B5%EA%B0%84%EC%9D%84+%EC%9C%84%ED%95%9C+%EC%9E%98%EB%A6%B0+%EC%A0%95%EA%B7%9C%EB%B6%84%ED%8F%AC+%EC%A0%95%EC%B1%85+%EA%B2%BD%EC%82%AC+%EB%B0%A9%EB%B2%95,
P0088,2024,ocl2,SCI(E) 저널,Uncertainty-Aware Rank-One MIMO Q Network Framework for Accelerated Offline Reinforcement Learning,Thanh Nguyen;Tung M. Luu;Tri Ton;Sungwoong Kim;Chang D. Yoo,한국과학기술원,IEEE Access,https://scholar.google.com/scholar?q=%22Uncertainty-Aware+Rank-One+MIMO+Q+Network+Framework+for+Accelerated+Offline+Reinforcement+Learning%22,https://www.dbpia.co.kr/search/topSearch?query=Uncertainty-Aware+Rank-One+MIMO+Q+Network+Framework+for+Accelerated+Offline+Reinforcement+Learning,
P0089,2024,ocl2,SCI(E) 저널,Clustering Aided Weakly Supervised Training to Detect Anomalous Events in Surveillance Videos,Muhammad Zaigham Zaheer;이승익,한국전자통신연구원,IEEE Transactions on Neural Networks and Learning Systems,https://scholar.google.com/scholar?q=%22Clustering+Aided+Weakly+Supervised+Training+to+Detect+Anomalous+Events+in+Surveillance+Videos%22,https://www.dbpia.co.kr/search/topSearch?query=Clustering+Aided+Weakly+Supervised+Training+to+Detect+Anomalous+Events+in+Surveillance+Videos,
P0090,2023,ocl2,국내학술대회,Factored 행동 공간에서의 몬테카를로 트리 탐색 효율성에 대한 고찰,곽윤혁;황인우;김두영;이상학;장병탁,서울대학교,한국정보과학회 소프트웨어종합학술대회 (KSC) 2023,https://scholar.google.com/scholar?q=%22Factored+%ED%96%89%EB%8F%99+%EA%B3%B5%EA%B0%84%EC%97%90%EC%84%9C%EC%9D%98+%EB%AA%AC%ED%85%8C%EC%B9%B4%EB%A5%BC%EB%A1%9C+%ED%8A%B8%EB%A6%AC+%ED%83%90%EC%83%89+%ED%9A%A8%EC%9C%A8%EC%84%B1%EC%97%90+%EB%8C%80%ED%95%9C+%EA%B3%A0%EC%B0%B0%22,https://www.dbpia.co.kr/search/topSearch?query=Factored+%ED%96%89%EB%8F%99+%EA%B3%B5%EA%B0%84%EC%97%90%EC%84%9C%EC%9D%98+%EB%AA%AC%ED%85%8C%EC%B9%B4%EB%A5%BC%EB%A1%9C+%ED%8A%B8%EB%A6%AC+%ED%83%90%EC%83%89+%ED%9A%A8%EC%9C%A8%EC%84%B1%EC%97%90+%EB%8C%80%ED%95%9C+%EA%B3%A0%EC%B0%B0,
P0091,2023,ocl2,국내학술대회,MGRIT: 다언어 이미지 설명문 생성 트랜스포머,정성준;최우석;최성호;장병탁,서울대학교,한국정보과학회 컴퓨터종합합술대회 (KCC) 2023,https://scholar.google.com/scholar?q=%22MGRIT%3A+%EB%8B%A4%EC%96%B8%EC%96%B4+%EC%9D%B4%EB%AF%B8%EC%A7%80+%EC%84%A4%EB%AA%85%EB%AC%B8+%EC%83%9D%EC%84%B1+%ED%8A%B8%EB%9E%9C%EC%8A%A4%ED%8F%AC%EB%A8%B8%22,https://www.dbpia.co.kr/search/topSearch?query=MGRIT%3A+%EB%8B%A4%EC%96%B8%EC%96%B4+%EC%9D%B4%EB%AF%B8%EC%A7%80+%EC%84%A4%EB%AA%85%EB%AC%B8+%EC%83%9D%EC%84%B1+%ED%8A%B8%EB%9E%9C%EC%8A%A4%ED%8F%AC%EB%A8%B8,
P0092,2023,ocl2,국제학술대회,On Discovery of Local Independence over Continuous Variables via Neural Contextual Decomposition,황인우;곽윤혁;송연지;장병탁;이상학,서울대학교,CLeaR (Causal Learning and Reasoning) 2023,https://scholar.google.com/scholar?q=%22On+Discovery+of+Local+Independence+over+Continuous+Variables+via+Neural+Contextual+Decomposition%22,https://www.dbpia.co.kr/search/topSearch?query=On+Discovery+of+Local+Independence+over+Continuous+Variables+via+Neural+Contextual+Decomposition,
P0093,2023,ocl2,국제학술대회,Online Boundary-Free Continual Learning by Scheduled Data Prior,Hyunseo Koh;Minhyuk Seo;Jihwan Bang;Hwanjun Song;Deokki Hong;Seulki Park;Jung-Woo Ha;Jonghyun Choi,서울대학교,The Eleventh International Conference on Learning Representations (ICLR 2023),https://scholar.google.com/scholar?q=%22Online+Boundary-Free+Continual+Learning+by+Scheduled+Data+Prior%22,https://www.dbpia.co.kr/search/topSearch?query=Online+Boundary-Free+Continual+Learning+by+Scheduled+Data+Prior,
P0094,2023,ocl2,국내학술대회,SMAC 환경에서 엄폐물 전략 학습을 위한 멀티에이전트 강화학습 모델 연구,박예솔;이강훈;이윤수;박준석;장병탁,서울대학교,한국정보과학회 소프트웨어종합학술대회 (KSC) 2023,https://scholar.google.com/scholar?q=%22SMAC+%ED%99%98%EA%B2%BD%EC%97%90%EC%84%9C+%EC%97%84%ED%8F%90%EB%AC%BC+%EC%A0%84%EB%9E%B5+%ED%95%99%EC%8A%B5%EC%9D%84+%EC%9C%84%ED%95%9C+%EB%A9%80%ED%8B%B0%EC%97%90%EC%9D%B4%EC%A0%84%ED%8A%B8+%EA%B0%95%ED%99%94%ED%95%99%EC%8A%B5+%EB%AA%A8%EB%8D%B8+%EC%97%B0%EA%B5%AC%22,https://www.dbpia.co.kr/search/topSearch?query=SMAC+%ED%99%98%EA%B2%BD%EC%97%90%EC%84%9C+%EC%97%84%ED%8F%90%EB%AC%BC+%EC%A0%84%EB%9E%B5+%ED%95%99%EC%8A%B5%EC%9D%84+%EC%9C%84%ED%95%9C+%EB%A9%80%ED%8B%B0%EC%97%90%EC%9D%B4%EC%A0%84%ED%8A%B8+%EA%B0%95%ED%99%94%ED%95%99%EC%8A%B5+%EB%AA%A8%EB%8D%B8+%EC%97%B0%EA%B5%AC,
P0095,2023,ocl2,국제학술대회,Story Visualization by Online Text Augmentation with Context Memory,Daechul Ahn;Daneul Kim;Gwangmo Song;Seung Hwan Kim;Honglak Lee;Dongyeop Kang;Jonghyun Choi,서울대학교,International Conference on Computer Vision (ICCV 2023),https://scholar.google.com/scholar?q=%22Story+Visualization+by+Online+Text+Augmentation+with+Context+Memory%22,https://www.dbpia.co.kr/search/topSearch?query=Story+Visualization+by+Online+Text+Augmentation+with+Context+Memory,
P0096,2023,ocl2,국내학술대회,video to foley,설한울;권한슬;구도형;장병탁,서울대학교,한국정보과학회 소프트웨어종합학술대회 (KSC) 2023,https://scholar.google.com/scholar?q=%22video+to+foley%22,https://www.dbpia.co.kr/search/topSearch?query=video+to+foley,
P0097,2023,ocl2,국내학술대회,강화학습에서의 효율적 탐험을 위한 반항적 정책 학습 방법,이강훈;이민수;장병탁,서울대학교,한국정보과학회 소프트웨어종합학술대회 (KSC) 2023,https://scholar.google.com/scholar?q=%22%EA%B0%95%ED%99%94%ED%95%99%EC%8A%B5%EC%97%90%EC%84%9C%EC%9D%98+%ED%9A%A8%EC%9C%A8%EC%A0%81+%ED%83%90%ED%97%98%EC%9D%84+%EC%9C%84%ED%95%9C+%EB%B0%98%ED%95%AD%EC%A0%81+%EC%A0%95%EC%B1%85+%ED%95%99%EC%8A%B5+%EB%B0%A9%EB%B2%95%22,https://www.dbpia.co.kr/search/topSearch?query=%EA%B0%95%ED%99%94%ED%95%99%EC%8A%B5%EC%97%90%EC%84%9C%EC%9D%98+%ED%9A%A8%EC%9C%A8%EC%A0%81+%ED%83%90%ED%97%98%EC%9D%84+%EC%9C%84%ED%95%9C+%EB%B0%98%ED%95%AD%EC%A0%81+%EC%A0%95%EC%B1%85+%ED%95%99%EC%8A%B5+%EB%B0%A9%EB%B2%95,
P0098,2023,ocl2,국내학술대회,관심 특성 요약을 통한 거대 언어모델의 개인화,김정현;장병탁,서울대학교,한국정보과학회 소프트웨어종합학술대회 (KSC) 2023,https://scholar.google.com/scholar?q=%22%EA%B4%80%EC%8B%AC+%ED%8A%B9%EC%84%B1+%EC%9A%94%EC%95%BD%EC%9D%84+%ED%86%B5%ED%95%9C+%EA%B1%B0%EB%8C%80+%EC%96%B8%EC%96%B4%EB%AA%A8%EB%8D%B8%EC%9D%98+%EA%B0%9C%EC%9D%B8%ED%99%94%22,https://www.dbpia.co.kr/search/topSearch?query=%EA%B4%80%EC%8B%AC+%ED%8A%B9%EC%84%B1+%EC%9A%94%EC%95%BD%EC%9D%84+%ED%86%B5%ED%95%9C+%EA%B1%B0%EB%8C%80+%EC%96%B8%EC%96%B4%EB%AA%A8%EB%8D%B8%EC%9D%98+%EA%B0%9C%EC%9D%B8%ED%99%94,
P0099,2023,ocl2,국내학술대회,다중 모달리티의 상호주의적 융합 방법을 통한 에이전트 행동 계획,신수연;장병탁,서울대학교,한국정보과학회 소프트웨어종합학술대회 (KSC) 2023,https://scholar.google.com/scholar?q=%22%EB%8B%A4%EC%A4%91+%EB%AA%A8%EB%8B%AC%EB%A6%AC%ED%8B%B0%EC%9D%98+%EC%83%81%ED%98%B8%EC%A3%BC%EC%9D%98%EC%A0%81+%EC%9C%B5%ED%95%A9+%EB%B0%A9%EB%B2%95%EC%9D%84+%ED%86%B5%ED%95%9C+%EC%97%90%EC%9D%B4%EC%A0%84%ED%8A%B8+%ED%96%89%EB%8F%99+%EA%B3%84%ED%9A%8D%22,https://www.dbpia.co.kr/search/topSearch?query=%EB%8B%A4%EC%A4%91+%EB%AA%A8%EB%8B%AC%EB%A6%AC%ED%8B%B0%EC%9D%98+%EC%83%81%ED%98%B8%EC%A3%BC%EC%9D%98%EC%A0%81+%EC%9C%B5%ED%95%A9+%EB%B0%A9%EB%B2%95%EC%9D%84+%ED%86%B5%ED%95%9C+%EC%97%90%EC%9D%B4%EC%A0%84%ED%8A%B8+%ED%96%89%EB%8F%99+%EA%B3%84%ED%9A%8D,
P0100,2023,ocl2,국내학술대회,다중 시각정보 환경에서의 지칭표현이해,설한울;장병탁,서울대학교,한국정보과학회 컴퓨터종합합술대회 (KCC) 2023,https://scholar.google.com/scholar?q=%22%EB%8B%A4%EC%A4%91+%EC%8B%9C%EA%B0%81%EC%A0%95%EB%B3%B4+%ED%99%98%EA%B2%BD%EC%97%90%EC%84%9C%EC%9D%98+%EC%A7%80%EC%B9%AD%ED%91%9C%ED%98%84%EC%9D%B4%ED%95%B4%22,https://www.dbpia.co.kr/search/topSearch?query=%EB%8B%A4%EC%A4%91+%EC%8B%9C%EA%B0%81%EC%A0%95%EB%B3%B4+%ED%99%98%EA%B2%BD%EC%97%90%EC%84%9C%EC%9D%98+%EC%A7%80%EC%B9%AD%ED%91%9C%ED%98%84%EC%9D%B4%ED%95%B4,
P0101,2023,ocl2,국내학술대회,라벨링 없는 Sim-to-Real 전이를 위한 이미지 생성,이문헌;김기범;이민수;장병탁,서울대학교,한국정보과학회 컴퓨터종합합술대회 (KCC) 2023,https://scholar.google.com/scholar?q=%22%EB%9D%BC%EB%B2%A8%EB%A7%81+%EC%97%86%EB%8A%94+Sim-to-Real+%EC%A0%84%EC%9D%B4%EB%A5%BC+%EC%9C%84%ED%95%9C+%EC%9D%B4%EB%AF%B8%EC%A7%80+%EC%83%9D%EC%84%B1%22,https://www.dbpia.co.kr/search/topSearch?query=%EB%9D%BC%EB%B2%A8%EB%A7%81+%EC%97%86%EB%8A%94+Sim-to-Real+%EC%A0%84%EC%9D%B4%EB%A5%BC+%EC%9C%84%ED%95%9C+%EC%9D%B4%EB%AF%B8%EC%A7%80+%EC%83%9D%EC%84%B1,
P0102,2023,ocl2,국내학술대회,멀티 에이전트 강화학습에서 시간적 추상화된 협동의 주 요소 탐구,이민후;신수웅;김기범;김준호;이민수;장병탁,서울대학교,한국정보과학회 소프트웨어종합학술대회 (KSC) 2023,https://scholar.google.com/scholar?q=%22%EB%A9%80%ED%8B%B0+%EC%97%90%EC%9D%B4%EC%A0%84%ED%8A%B8+%EA%B0%95%ED%99%94%ED%95%99%EC%8A%B5%EC%97%90%EC%84%9C+%EC%8B%9C%EA%B0%84%EC%A0%81+%EC%B6%94%EC%83%81%ED%99%94%EB%90%9C+%ED%98%91%EB%8F%99%EC%9D%98+%EC%A3%BC+%EC%9A%94%EC%86%8C+%ED%83%90%EA%B5%AC%22,https://www.dbpia.co.kr/search/topSearch?query=%EB%A9%80%ED%8B%B0+%EC%97%90%EC%9D%B4%EC%A0%84%ED%8A%B8+%EA%B0%95%ED%99%94%ED%95%99%EC%8A%B5%EC%97%90%EC%84%9C+%EC%8B%9C%EA%B0%84%EC%A0%81+%EC%B6%94%EC%83%81%ED%99%94%EB%90%9C+%ED%98%91%EB%8F%99%EC%9D%98+%EC%A3%BC+%EC%9A%94%EC%86%8C+%ED%83%90%EA%B5%AC,
P0103,2023,ocl2,국내학술대회,부정 지칭 표현 이해를 위한 약한 지도학습,신수연;김정현;설한울;장병탁,서울대학교,한국정보과학회 컴퓨터종합합술대회 (KCC) 2023,https://scholar.google.com/scholar?q=%22%EB%B6%80%EC%A0%95+%EC%A7%80%EC%B9%AD+%ED%91%9C%ED%98%84+%EC%9D%B4%ED%95%B4%EB%A5%BC+%EC%9C%84%ED%95%9C+%EC%95%BD%ED%95%9C+%EC%A7%80%EB%8F%84%ED%95%99%EC%8A%B5%22,https://www.dbpia.co.kr/search/topSearch?query=%EB%B6%80%EC%A0%95+%EC%A7%80%EC%B9%AD+%ED%91%9C%ED%98%84+%EC%9D%B4%ED%95%B4%EB%A5%BC+%EC%9C%84%ED%95%9C+%EC%95%BD%ED%95%9C+%EC%A7%80%EB%8F%84%ED%95%99%EC%8A%B5,
P0104,2023,ocl2,비SCI(E) 저널,분기된 일화기억 기반의 자기지도적 정책 학습 방법,이강훈;김기범;한동식;장병탁,서울대학교,한국정보과학회 (정보과학회 컴퓨팅의 실제 논문지 제29권 제2호),https://scholar.google.com/scholar?q=%22%EB%B6%84%EA%B8%B0%EB%90%9C+%EC%9D%BC%ED%99%94%EA%B8%B0%EC%96%B5+%EA%B8%B0%EB%B0%98%EC%9D%98+%EC%9E%90%EA%B8%B0%EC%A7%80%EB%8F%84%EC%A0%81+%EC%A0%95%EC%B1%85+%ED%95%99%EC%8A%B5+%EB%B0%A9%EB%B2%95%22,https://www.dbpia.co.kr/search/topSearch?query=%EB%B6%84%EA%B8%B0%EB%90%9C+%EC%9D%BC%ED%99%94%EA%B8%B0%EC%96%B5+%EA%B8%B0%EB%B0%98%EC%9D%98+%EC%9E%90%EA%B8%B0%EC%A7%80%EB%8F%84%EC%A0%81+%EC%A0%95%EC%B1%85+%ED%95%99%EC%8A%B5+%EB%B0%A9%EB%B2%95,
P0105,2023,ocl2,국내학술대회,새로운 강화학습 환경에서의 부분 관측 마르코프 결정 프로세스 학습,양현서;장병탁,서울대학교,한국정보과학회 소프트웨어종합학술대회 (KSC) 2023,https://scholar.google.com/scholar?q=%22%EC%83%88%EB%A1%9C%EC%9A%B4+%EA%B0%95%ED%99%94%ED%95%99%EC%8A%B5+%ED%99%98%EA%B2%BD%EC%97%90%EC%84%9C%EC%9D%98+%EB%B6%80%EB%B6%84+%EA%B4%80%EC%B8%A1+%EB%A7%88%EB%A5%B4%EC%BD%94%ED%94%84+%EA%B2%B0%EC%A0%95+%ED%94%84%EB%A1%9C%EC%84%B8%EC%8A%A4+%ED%95%99%EC%8A%B5%22,https://www.dbpia.co.kr/search/topSearch?query=%EC%83%88%EB%A1%9C%EC%9A%B4+%EA%B0%95%ED%99%94%ED%95%99%EC%8A%B5+%ED%99%98%EA%B2%BD%EC%97%90%EC%84%9C%EC%9D%98+%EB%B6%80%EB%B6%84+%EA%B4%80%EC%B8%A1+%EB%A7%88%EB%A5%B4%EC%BD%94%ED%94%84+%EA%B2%B0%EC%A0%95+%ED%94%84%EB%A1%9C%EC%84%B8%EC%8A%A4+%ED%95%99%EC%8A%B5,
P0106,2023,ocl2,국내학술대회,수도 쿼리 생성을 통한 비주얼 그라운딩의 비지도 적응 방법,김정현;장병탁,서울대학교,한국정보과학회 컴퓨터종합합술대회 (KCC) 2023,https://scholar.google.com/scholar?q=%22%EC%88%98%EB%8F%84+%EC%BF%BC%EB%A6%AC+%EC%83%9D%EC%84%B1%EC%9D%84+%ED%86%B5%ED%95%9C+%EB%B9%84%EC%A3%BC%EC%96%BC+%EA%B7%B8%EB%9D%BC%EC%9A%B4%EB%94%A9%EC%9D%98+%EB%B9%84%EC%A7%80%EB%8F%84+%EC%A0%81%EC%9D%91+%EB%B0%A9%EB%B2%95%22,https://www.dbpia.co.kr/search/topSearch?query=%EC%88%98%EB%8F%84+%EC%BF%BC%EB%A6%AC+%EC%83%9D%EC%84%B1%EC%9D%84+%ED%86%B5%ED%95%9C+%EB%B9%84%EC%A3%BC%EC%96%BC+%EA%B7%B8%EB%9D%BC%EC%9A%B4%EB%94%A9%EC%9D%98+%EB%B9%84%EC%A7%80%EB%8F%84+%EC%A0%81%EC%9D%91+%EB%B0%A9%EB%B2%95,
P0107,2023,ocl2,국내학술대회,스파이킹 신경망 기반 연속 학습 탐구,박준석;최수형;신기성;이민수;장병탁,서울대학교,한국정보과학회 소프트웨어종합학술대회 (KSC) 2023,https://scholar.google.com/scholar?q=%22%EC%8A%A4%ED%8C%8C%EC%9D%B4%ED%82%B9+%EC%8B%A0%EA%B2%BD%EB%A7%9D+%EA%B8%B0%EB%B0%98+%EC%97%B0%EC%86%8D+%ED%95%99%EC%8A%B5+%ED%83%90%EA%B5%AC%22,https://www.dbpia.co.kr/search/topSearch?query=%EC%8A%A4%ED%8C%8C%EC%9D%B4%ED%82%B9+%EC%8B%A0%EA%B2%BD%EB%A7%9D+%EA%B8%B0%EB%B0%98+%EC%97%B0%EC%86%8D+%ED%95%99%EC%8A%B5+%ED%83%90%EA%B5%AC,
P0108,2023,ocl2,국내학술대회,자가 학습을 지원하는 스타크래프트 2 미니 게임 강화학습 프레임워크 제안,이문헌;김현서;김민지;김준오;윤혜정;장병탁,서울대학교,한국정보과학회 소프트웨어종합학술대회 (KSC) 2023,https://scholar.google.com/scholar?q=%22%EC%9E%90%EA%B0%80+%ED%95%99%EC%8A%B5%EC%9D%84+%EC%A7%80%EC%9B%90%ED%95%98%EB%8A%94+%EC%8A%A4%ED%83%80%ED%81%AC%EB%9E%98%ED%94%84%ED%8A%B8+2+%EB%AF%B8%EB%8B%88+%EA%B2%8C%EC%9E%84+%EA%B0%95%ED%99%94%ED%95%99%EC%8A%B5+%ED%94%84%EB%A0%88%EC%9E%84%EC%9B%8C%ED%81%AC+%EC%A0%9C%EC%95%88%22,https://www.dbpia.co.kr/search/topSearch?query=%EC%9E%90%EA%B0%80+%ED%95%99%EC%8A%B5%EC%9D%84+%EC%A7%80%EC%9B%90%ED%95%98%EB%8A%94+%EC%8A%A4%ED%83%80%ED%81%AC%EB%9E%98%ED%94%84%ED%8A%B8+2+%EB%AF%B8%EB%8B%88+%EA%B2%8C%EC%9E%84+%EA%B0%95%ED%99%94%ED%95%99%EC%8A%B5+%ED%94%84%EB%A0%88%EC%9E%84%EC%9B%8C%ED%81%AC+%EC%A0%9C%EC%95%88,
P0109,2023,ocl2,국내학술대회,지역 인과 발견을 이용한 모델 기반 강화학습,황인우;곽윤혁;최수형;장병탁;이상학,서울대학교,한국정보과학회 소프트웨어종합학술대회 (KSC) 2023,https://scholar.google.com/scholar?q=%22%EC%A7%80%EC%97%AD+%EC%9D%B8%EA%B3%BC+%EB%B0%9C%EA%B2%AC%EC%9D%84+%EC%9D%B4%EC%9A%A9%ED%95%9C+%EB%AA%A8%EB%8D%B8+%EA%B8%B0%EB%B0%98+%EA%B0%95%ED%99%94%ED%95%99%EC%8A%B5%22,https://www.dbpia.co.kr/search/topSearch?query=%EC%A7%80%EC%97%AD+%EC%9D%B8%EA%B3%BC+%EB%B0%9C%EA%B2%AC%EC%9D%84+%EC%9D%B4%EC%9A%A9%ED%95%9C+%EB%AA%A8%EB%8D%B8+%EA%B8%B0%EB%B0%98+%EA%B0%95%ED%99%94%ED%95%99%EC%8A%B5,
P0110,2023,ocl2,국내학술대회,평균제곱오차 손실함수의 사이클로이드 근사를 통한 최적화 수렴 속도와 안정성 개선,이윤수;유희빈;이현도;임영선;장병탁,서울대학교,한국정보과학회 컴퓨터종합합술대회 (KCC) 2023,https://scholar.google.com/scholar?q=%22%ED%8F%89%EA%B7%A0%EC%A0%9C%EA%B3%B1%EC%98%A4%EC%B0%A8+%EC%86%90%EC%8B%A4%ED%95%A8%EC%88%98%EC%9D%98+%EC%82%AC%EC%9D%B4%ED%81%B4%EB%A1%9C%EC%9D%B4%EB%93%9C+%EA%B7%BC%EC%82%AC%EB%A5%BC+%ED%86%B5%ED%95%9C+%EC%B5%9C%EC%A0%81%ED%99%94+%EC%88%98%EB%A0%B4+%EC%86%8D%EB%8F%84%EC%99%80+%EC%95%88%EC%A0%95%EC%84%B1+%EA%B0%9C%EC%84%A0%22,https://www.dbpia.co.kr/search/topSearch?query=%ED%8F%89%EA%B7%A0%EC%A0%9C%EA%B3%B1%EC%98%A4%EC%B0%A8+%EC%86%90%EC%8B%A4%ED%95%A8%EC%88%98%EC%9D%98+%EC%82%AC%EC%9D%B4%ED%81%B4%EB%A1%9C%EC%9D%B4%EB%93%9C+%EA%B7%BC%EC%82%AC%EB%A5%BC+%ED%86%B5%ED%95%9C+%EC%B5%9C%EC%A0%81%ED%99%94+%EC%88%98%EB%A0%B4+%EC%86%8D%EB%8F%84%EC%99%80+%EC%95%88%EC%A0%95%EC%84%B1+%EA%B0%9C%EC%84%A0,
P0111,2023,ocl2,국내학술대회,한계효용 체감의 법칙을 적용한 다중 에이전트 강화학습,이윤수;장병탁,서울대학교,한국정보과학회 소프트웨어종합학술대회 (KSC) 2023,https://scholar.google.com/scholar?q=%22%ED%95%9C%EA%B3%84%ED%9A%A8%EC%9A%A9+%EC%B2%B4%EA%B0%90%EC%9D%98+%EB%B2%95%EC%B9%99%EC%9D%84+%EC%A0%81%EC%9A%A9%ED%95%9C+%EB%8B%A4%EC%A4%91+%EC%97%90%EC%9D%B4%EC%A0%84%ED%8A%B8+%EA%B0%95%ED%99%94%ED%95%99%EC%8A%B5%22,https://www.dbpia.co.kr/search/topSearch?query=%ED%95%9C%EA%B3%84%ED%9A%A8%EC%9A%A9+%EC%B2%B4%EA%B0%90%EC%9D%98+%EB%B2%95%EC%B9%99%EC%9D%84+%EC%A0%81%EC%9A%A9%ED%95%9C+%EB%8B%A4%EC%A4%91+%EC%97%90%EC%9D%B4%EC%A0%84%ED%8A%B8+%EA%B0%95%ED%99%94%ED%95%99%EC%8A%B5,
P0112,2025,planning,국제학술대회,ReAcTree: Hierarchical LLM Agent Trees with Control Flow for Long-Horizon Task Planning,최재우,한국전자통신연구원,International Conference on Autonomous Agents and Multiagent Systems (AAMAS 2026),https://scholar.google.com/scholar?q=%22ReAcTree%3A+Hierarchical+LLM+Agent+Trees+with+Control+Flow+for+Long-Horizon+Task+Planning%22,https://www.dbpia.co.kr/search/topSearch?query=ReAcTree%3A+Hierarchical+LLM+Agent+Trees+with+Control+Flow+for+Long-Horizon+Task+Planning,
P0113,2025,planning,국내학술대회,ReActQ와 Answer 에이전트: 질의응답 기반 불확실성 해소 태스크 플래너,최재우,한국전자통신연구원,한국방송미디어공학회 하계학술대회,https://scholar.google.com/scholar?q=%22ReActQ%EC%99%80+Answer+%EC%97%90%EC%9D%B4%EC%A0%84%ED%8A%B8%3A+%EC%A7%88%EC%9D%98%EC%9D%91%EB%8B%B5+%EA%B8%B0%EB%B0%98+%EB%B6%88%ED%99%95%EC%8B%A4%EC%84%B1+%ED%95%B4%EC%86%8C+%ED%83%9C%EC%8A%A4%ED%81%AC+%ED%94%8C%EB%9E%98%EB%84%88%22,https://www.dbpia.co.kr/search/topSearch?query=ReActQ%EC%99%80+Answer+%EC%97%90%EC%9D%B4%EC%A0%84%ED%8A%B8%3A+%EC%A7%88%EC%9D%98%EC%9D%91%EB%8B%B5+%EA%B8%B0%EB%B0%98+%EB%B6%88%ED%99%95%EC%8B%A4%EC%84%B1+%ED%95%B4%EC%86%8C+%ED%83%9C%EC%8A%A4%ED%81%AC+%ED%94%8C%EB%9E%98%EB%84%88,
P0114,2025,planning,국제학술대회,Adaptive Robot-mediated Assessment using LLM for Enhanced Survey Quality in Older Adults Care Programs,박천수,한국전자통신연구원,HRI,https://scholar.google.com/scholar?q=%22Adaptive+Robot-mediated+Assessment+using+LLM+for+Enhanced+Survey+Quality+in+Older+Adults+Care+Programs%22,https://www.dbpia.co.kr/search/topSearch?query=Adaptive+Robot-mediated+Assessment+using+LLM+for+Enhanced+Survey+Quality+in+Older+Adults+Care+Programs,
P0115,2025,planning,국제학술대회,Field Trial of Serving Robot based on Meal-Context Understanding,조미영,한국전자통신연구원,IROS 2025 LBR,https://scholar.google.com/scholar?q=%22Field+Trial+of+Serving+Robot+based+on+Meal-Context+Understanding%22,https://www.dbpia.co.kr/search/topSearch?query=Field+Trial+of+Serving+Robot+based+on+Meal-Context+Understanding,
P0116,2025,planning,국내학술대회,언어 기반 로봇 작업 계획 최적화: 로그 순위 엔트로피 페널티를 사용한 Conformal Prediction 기반 접근 방식,조예진,한국전자통신연구원,한국로봇종합학술대회,https://scholar.google.com/scholar?q=%22%EC%96%B8%EC%96%B4+%EA%B8%B0%EB%B0%98+%EB%A1%9C%EB%B4%87+%EC%9E%91%EC%97%85+%EA%B3%84%ED%9A%8D+%EC%B5%9C%EC%A0%81%ED%99%94%3A+%EB%A1%9C%EA%B7%B8+%EC%88%9C%EC%9C%84+%EC%97%94%ED%8A%B8%EB%A1%9C%ED%94%BC+%ED%8E%98%EB%84%90%ED%8B%B0%EB%A5%BC+%EC%82%AC%EC%9A%A9%ED%95%9C+Conformal+Prediction+%EA%B8%B0%EB%B0%98+%EC%A0%91%EA%B7%BC+%EB%B0%A9%EC%8B%9D%22,https://www.dbpia.co.kr/search/topSearch?query=%EC%96%B8%EC%96%B4+%EA%B8%B0%EB%B0%98+%EB%A1%9C%EB%B4%87+%EC%9E%91%EC%97%85+%EA%B3%84%ED%9A%8D+%EC%B5%9C%EC%A0%81%ED%99%94%3A+%EB%A1%9C%EA%B7%B8+%EC%88%9C%EC%9C%84+%EC%97%94%ED%8A%B8%EB%A1%9C%ED%94%BC+%ED%8E%98%EB%84%90%ED%8B%B0%EB%A5%BC+%EC%82%AC%EC%9A%A9%ED%95%9C+Conformal+Prediction+%EA%B8%B0%EB%B0%98+%EC%A0%91%EA%B7%BC+%EB%B0%A9%EC%8B%9D,
P0117,2025,planning,국제학술대회,ThinkSafe++: A Semantic Risk Score Framework for Safety-Aware Long-Horizon Planning,조예진,한국전자통신연구원,CVPR Workshop (Embodied AI),https://scholar.google.com/scholar?q=%22ThinkSafe%2B%2B%3A+A+Semantic+Risk+Score+Framework+for+Safety-Aware+Long-Horizon+Planning%22,https://www.dbpia.co.kr/search/topSearch?query=ThinkSafe%2B%2B%3A+A+Semantic+Risk+Score+Framework+for+Safety-Aware+Long-Horizon+Planning,
P0118,2025,planning,국내학술대회,Semantic ThinkSafe: 의미 기반 위험 점수와 위험 유형별 동적 임계값으로 장기 계획 안전 인식을 고도화한 필터링 프레임워크,조예진,한국전자통신연구원,대한전자공학회 하계종합학술대회,https://scholar.google.com/scholar?q=%22Semantic+ThinkSafe%3A+%EC%9D%98%EB%AF%B8+%EA%B8%B0%EB%B0%98+%EC%9C%84%ED%97%98+%EC%A0%90%EC%88%98%EC%99%80+%EC%9C%84%ED%97%98+%EC%9C%A0%ED%98%95%EB%B3%84+%EB%8F%99%EC%A0%81+%EC%9E%84%EA%B3%84%EA%B0%92%EC%9C%BC%EB%A1%9C+%EC%9E%A5%EA%B8%B0+%EA%B3%84%ED%9A%8D+%EC%95%88%EC%A0%84+%EC%9D%B8%EC%8B%9D%EC%9D%84+%EA%B3%A0%EB%8F%84%ED%99%94%ED%95%9C+%ED%95%84%ED%84%B0%EB%A7%81+%ED%94%84%EB%A0%88%EC%9E%84%EC%9B%8C%ED%81%AC%22,https://www.dbpia.co.kr/search/topSearch?query=Semantic+ThinkSafe%3A+%EC%9D%98%EB%AF%B8+%EA%B8%B0%EB%B0%98+%EC%9C%84%ED%97%98+%EC%A0%90%EC%88%98%EC%99%80+%EC%9C%84%ED%97%98+%EC%9C%A0%ED%98%95%EB%B3%84+%EB%8F%99%EC%A0%81+%EC%9E%84%EA%B3%84%EA%B0%92%EC%9C%BC%EB%A1%9C+%EC%9E%A5%EA%B8%B0+%EA%B3%84%ED%9A%8D+%EC%95%88%EC%A0%84+%EC%9D%B8%EC%8B%9D%EC%9D%84+%EA%B3%A0%EB%8F%84%ED%99%94%ED%95%9C+%ED%95%84%ED%84%B0%EB%A7%81+%ED%94%84%EB%A0%88%EC%9E%84%EC%9B%8C%ED%81%AC,
P0119,2025,planning,국내학술대회,실세계 기반 작업 계획 평가를 위한 부분 관찰 프레임워크,옹효빈,한국전자통신연구원,한국로봇종합학술대회,https://scholar.google.com/scholar?q=%22%EC%8B%A4%EC%84%B8%EA%B3%84+%EA%B8%B0%EB%B0%98+%EC%9E%91%EC%97%85+%EA%B3%84%ED%9A%8D+%ED%8F%89%EA%B0%80%EB%A5%BC+%EC%9C%84%ED%95%9C+%EB%B6%80%EB%B6%84+%EA%B4%80%EC%B0%B0+%ED%94%84%EB%A0%88%EC%9E%84%EC%9B%8C%ED%81%AC%22,https://www.dbpia.co.kr/search/topSearch?query=%EC%8B%A4%EC%84%B8%EA%B3%84+%EA%B8%B0%EB%B0%98+%EC%9E%91%EC%97%85+%EA%B3%84%ED%9A%8D+%ED%8F%89%EA%B0%80%EB%A5%BC+%EC%9C%84%ED%95%9C+%EB%B6%80%EB%B6%84+%EA%B4%80%EC%B0%B0+%ED%94%84%EB%A0%88%EC%9E%84%EC%9B%8C%ED%81%AC,
P0120,2025,planning,국제학술대회,SAPO: Safety-Aware Embodied Task Planning with fully Partially-Observable environment and physical constraints,김형민,한국전자통신연구원,"NeurIPS Workshop (Bridging Language, Agent, and World Models for Reasoning and Planning)",https://scholar.google.com/scholar?q=%22SAPO%3A+Safety-Aware+Embodied+Task+Planning+with+fully+Partially-Observable+environment+and+physical+constraints%22,https://www.dbpia.co.kr/search/topSearch?query=SAPO%3A+Safety-Aware+Embodied+Task+Planning+with+fully+Partially-Observable+environment+and+physical+constraints,
P0121,2025,planning,국제학술대회,Safety-Aware Partially-Observable Embodied Task Planning,김형민,한국전자통신연구원,ICCV Workshop (Human-Robot-Scene Interaction and Collaboration),https://scholar.google.com/scholar?q=%22Safety-Aware+Partially-Observable+Embodied+Task+Planning%22,https://www.dbpia.co.kr/search/topSearch?query=Safety-Aware+Partially-Observable+Embodied+Task+Planning,
P0122,2025,planning,국제학술대회,Mind-Map Agent: Enhancing Cooperative Task Planning through Communication Alignment with Large Language Models,전호범,한국전자통신연구원,"NeurIPS Workshop (Bridging Language, Agent, and World Models for Reasoning and Planning)",https://scholar.google.com/scholar?q=%22Mind-Map+Agent%3A+Enhancing+Cooperative+Task+Planning+through+Communication+Alignment+with+Large+Language+Models%22,https://www.dbpia.co.kr/search/topSearch?query=Mind-Map+Agent%3A+Enhancing+Cooperative+Task+Planning+through+Communication+Alignment+with+Large+Language+Models,
P0123,2025,planning,국제학술대회,Communicative PARTNR: Natural Language Communication under Partial Observability in Human-Robot Collaboration,전호범,한국전자통신연구원,ICCV Workshop (Human-Robot-Scene Interaction and Collaboration),https://scholar.google.com/scholar?q=%22Communicative+PARTNR%3A+Natural+Language+Communication+under+Partial+Observability+in+Human-Robot+Collaboration%22,https://www.dbpia.co.kr/search/topSearch?query=Communicative+PARTNR%3A+Natural+Language+Communication+under+Partial+Observability+in+Human-Robot+Collaboration,
P0124,2025,planning,국제학술대회,Revisiting ALFRED: Refining commands for evaluating language-guided task planning,장민수,한국전자통신연구원,AAAI Workshop (GenPlan),https://scholar.google.com/scholar?q=%22Revisiting+ALFRED%3A+Refining+commands+for+evaluating+language-guided+task+planning%22,https://www.dbpia.co.kr/search/topSearch?query=Revisiting+ALFRED%3A+Refining+commands+for+evaluating+language-guided+task+planning,
P0125,2025,planning,국내학술대회,RGB-D 비디오 기반 시맨틱 그라운딩을 위한 멀티모달 언어 모델 기반 로봇 네비게이션,김준오,서울대학교,ICROS,https://scholar.google.com/scholar?q=%22RGB-D+%EB%B9%84%EB%94%94%EC%98%A4+%EA%B8%B0%EB%B0%98+%EC%8B%9C%EB%A7%A8%ED%8B%B1+%EA%B7%B8%EB%9D%BC%EC%9A%B4%EB%94%A9%EC%9D%84+%EC%9C%84%ED%95%9C+%EB%A9%80%ED%8B%B0%EB%AA%A8%EB%8B%AC+%EC%96%B8%EC%96%B4+%EB%AA%A8%EB%8D%B8+%EA%B8%B0%EB%B0%98+%EB%A1%9C%EB%B4%87+%EB%84%A4%EB%B9%84%EA%B2%8C%EC%9D%B4%EC%85%98%22,https://www.dbpia.co.kr/search/topSearch?query=RGB-D+%EB%B9%84%EB%94%94%EC%98%A4+%EA%B8%B0%EB%B0%98+%EC%8B%9C%EB%A7%A8%ED%8B%B1+%EA%B7%B8%EB%9D%BC%EC%9A%B4%EB%94%A9%EC%9D%84+%EC%9C%84%ED%95%9C+%EB%A9%80%ED%8B%B0%EB%AA%A8%EB%8B%AC+%EC%96%B8%EC%96%B4+%EB%AA%A8%EB%8D%B8+%EA%B8%B0%EB%B0%98+%EB%A1%9C%EB%B4%87+%EB%84%A4%EB%B9%84%EA%B2%8C%EC%9D%B4%EC%85%98,
P0126,2025,planning,국내학술대회,언어 조건 조작에서의 그라운딩 일반화 평가,김준오,서울대학교,ICROS,https://scholar.google.com/scholar?q=%22%EC%96%B8%EC%96%B4+%EC%A1%B0%EA%B1%B4+%EC%A1%B0%EC%9E%91%EC%97%90%EC%84%9C%EC%9D%98+%EA%B7%B8%EB%9D%BC%EC%9A%B4%EB%94%A9+%EC%9D%BC%EB%B0%98%ED%99%94+%ED%8F%89%EA%B0%80%22,https://www.dbpia.co.kr/search/topSearch?query=%EC%96%B8%EC%96%B4+%EC%A1%B0%EA%B1%B4+%EC%A1%B0%EC%9E%91%EC%97%90%EC%84%9C%EC%9D%98+%EA%B7%B8%EB%9D%BC%EC%9A%B4%EB%94%A9+%EC%9D%BC%EB%B0%98%ED%99%94+%ED%8F%89%EA%B0%80,
P0127,2025,planning,국내학술대회,Analyzing Latent Manifold Alignment of Robot Action Trajectories,정우열,서울대학교,한국컴퓨터종합학술대회,https://scholar.google.com/scholar?q=%22Analyzing+Latent+Manifold+Alignment+of+Robot+Action+Trajectories%22,https://www.dbpia.co.kr/search/topSearch?query=Analyzing+Latent+Manifold+Alignment+of+Robot+Action+Trajectories,
P0128,2025,planning,국내학술대회,트랜스포머 기반 로봇 행동 모방 학습에서 무작위 노이즈 사전 학습을 통한 학습 효율 향상 연구,신기성,서울대학교,한국컴퓨터종합학술대회,https://scholar.google.com/scholar?q=%22%ED%8A%B8%EB%9E%9C%EC%8A%A4%ED%8F%AC%EB%A8%B8+%EA%B8%B0%EB%B0%98+%EB%A1%9C%EB%B4%87+%ED%96%89%EB%8F%99+%EB%AA%A8%EB%B0%A9+%ED%95%99%EC%8A%B5%EC%97%90%EC%84%9C+%EB%AC%B4%EC%9E%91%EC%9C%84+%EB%85%B8%EC%9D%B4%EC%A6%88+%EC%82%AC%EC%A0%84+%ED%95%99%EC%8A%B5%EC%9D%84+%ED%86%B5%ED%95%9C+%ED%95%99%EC%8A%B5+%ED%9A%A8%EC%9C%A8+%ED%96%A5%EC%83%81+%EC%97%B0%EA%B5%AC%22,https://www.dbpia.co.kr/search/topSearch?query=%ED%8A%B8%EB%9E%9C%EC%8A%A4%ED%8F%AC%EB%A8%B8+%EA%B8%B0%EB%B0%98+%EB%A1%9C%EB%B4%87+%ED%96%89%EB%8F%99+%EB%AA%A8%EB%B0%A9+%ED%95%99%EC%8A%B5%EC%97%90%EC%84%9C+%EB%AC%B4%EC%9E%91%EC%9C%84+%EB%85%B8%EC%9D%B4%EC%A6%88+%EC%82%AC%EC%A0%84+%ED%95%99%EC%8A%B5%EC%9D%84+%ED%86%B5%ED%95%9C+%ED%95%99%EC%8A%B5+%ED%9A%A8%EC%9C%A8+%ED%96%A5%EC%83%81+%EC%97%B0%EA%B5%AC,
P0129,2025,planning,국내학술대회,TRACE : Trajectory-based compositional subgoal extraction for robot action,심규환,서울대학교,한국컴퓨터종합학술대회,https://scholar.google.com/scholar?q=%22TRACE+%3A+Trajectory-based+compositional+subgoal+extraction+for+robot+action%22,https://www.dbpia.co.kr/search/topSearch?query=TRACE+%3A+Trajectory-based+compositional+subgoal+extraction+for+robot+action,
P0130,2025,planning,국내학술대회,대규모 언어 모델 기반 언어 조건 로봇 정책의 일반화,김정현,서울대학교,한국컴퓨터종합학술대회,https://scholar.google.com/scholar?q=%22%EB%8C%80%EA%B7%9C%EB%AA%A8+%EC%96%B8%EC%96%B4+%EB%AA%A8%EB%8D%B8+%EA%B8%B0%EB%B0%98+%EC%96%B8%EC%96%B4+%EC%A1%B0%EA%B1%B4+%EB%A1%9C%EB%B4%87+%EC%A0%95%EC%B1%85%EC%9D%98+%EC%9D%BC%EB%B0%98%ED%99%94%22,https://www.dbpia.co.kr/search/topSearch?query=%EB%8C%80%EA%B7%9C%EB%AA%A8+%EC%96%B8%EC%96%B4+%EB%AA%A8%EB%8D%B8+%EA%B8%B0%EB%B0%98+%EC%96%B8%EC%96%B4+%EC%A1%B0%EA%B1%B4+%EB%A1%9C%EB%B4%87+%EC%A0%95%EC%B1%85%EC%9D%98+%EC%9D%BC%EB%B0%98%ED%99%94,
P0131,2025,planning,국내학술대회,경량 고속 아키텍처를 활용한 언어 기반 로봇 정책의 확장,김정현,서울대학교,한국컴퓨터종합학술대회,https://scholar.google.com/scholar?q=%22%EA%B2%BD%EB%9F%89+%EA%B3%A0%EC%86%8D+%EC%95%84%ED%82%A4%ED%85%8D%EC%B2%98%EB%A5%BC+%ED%99%9C%EC%9A%A9%ED%95%9C+%EC%96%B8%EC%96%B4+%EA%B8%B0%EB%B0%98+%EB%A1%9C%EB%B4%87+%EC%A0%95%EC%B1%85%EC%9D%98+%ED%99%95%EC%9E%A5%22,https://www.dbpia.co.kr/search/topSearch?query=%EA%B2%BD%EB%9F%89+%EA%B3%A0%EC%86%8D+%EC%95%84%ED%82%A4%ED%85%8D%EC%B2%98%EB%A5%BC+%ED%99%9C%EC%9A%A9%ED%95%9C+%EC%96%B8%EC%96%B4+%EA%B8%B0%EB%B0%98+%EB%A1%9C%EB%B4%87+%EC%A0%95%EC%B1%85%EC%9D%98+%ED%99%95%EC%9E%A5,
P0132,2025,planning,국내학술대회,Imitation Learning with Echo State Networks for Robotic Manipulation,주영석,서울대학교,한국컴퓨터종합학술대회,https://scholar.google.com/scholar?q=%22Imitation+Learning+with+Echo+State+Networks+for+Robotic+Manipulation%22,https://www.dbpia.co.kr/search/topSearch?query=Imitation+Learning+with+Echo+State+Networks+for+Robotic+Manipulation,
P0133,2025,planning,국내학술대회,6-DoF 파지 연구를 위한 ROS2 기반 모듈형 실험 프레임워크 제안,김병주,서울대학교,한국컴퓨터종합학술대회,https://scholar.google.com/scholar?q=%226-DoF+%ED%8C%8C%EC%A7%80+%EC%97%B0%EA%B5%AC%EB%A5%BC+%EC%9C%84%ED%95%9C+ROS2+%EA%B8%B0%EB%B0%98+%EB%AA%A8%EB%93%88%ED%98%95+%EC%8B%A4%ED%97%98+%ED%94%84%EB%A0%88%EC%9E%84%EC%9B%8C%ED%81%AC+%EC%A0%9C%EC%95%88%22,https://www.dbpia.co.kr/search/topSearch?query=6-DoF+%ED%8C%8C%EC%A7%80+%EC%97%B0%EA%B5%AC%EB%A5%BC+%EC%9C%84%ED%95%9C+ROS2+%EA%B8%B0%EB%B0%98+%EB%AA%A8%EB%93%88%ED%98%95+%EC%8B%A4%ED%97%98+%ED%94%84%EB%A0%88%EC%9E%84%EC%9B%8C%ED%81%AC+%EC%A0%9C%EC%95%88,
P0134,2025,planning,국내학술대회,다중 시점 일관성을 고려한 로봇 학습 데이터 증강 방법론,신수연,서울대학교,한국컴퓨터종합학술대회,https://scholar.google.com/scholar?q=%22%EB%8B%A4%EC%A4%91+%EC%8B%9C%EC%A0%90+%EC%9D%BC%EA%B4%80%EC%84%B1%EC%9D%84+%EA%B3%A0%EB%A0%A4%ED%95%9C+%EB%A1%9C%EB%B4%87+%ED%95%99%EC%8A%B5+%EB%8D%B0%EC%9D%B4%ED%84%B0+%EC%A6%9D%EA%B0%95+%EB%B0%A9%EB%B2%95%EB%A1%A0%22,https://www.dbpia.co.kr/search/topSearch?query=%EB%8B%A4%EC%A4%91+%EC%8B%9C%EC%A0%90+%EC%9D%BC%EA%B4%80%EC%84%B1%EC%9D%84+%EA%B3%A0%EB%A0%A4%ED%95%9C+%EB%A1%9C%EB%B4%87+%ED%95%99%EC%8A%B5+%EB%8D%B0%EC%9D%B4%ED%84%B0+%EC%A6%9D%EA%B0%95+%EB%B0%A9%EB%B2%95%EB%A1%A0,
P0135,2025,planning,국제학술대회,Relaxed HLP: A Metric for Flexible High-Level Plan Evaluation in Embodied Environments,신수연,서울대학교,BigComp,https://scholar.google.com/scholar?q=%22Relaxed+HLP%3A+A+Metric+for+Flexible+High-Level+Plan+Evaluation+in+Embodied+Environments%22,https://www.dbpia.co.kr/search/topSearch?query=Relaxed+HLP%3A+A+Metric+for+Flexible+High-Level+Plan+Evaluation+in+Embodied+Environments,
P0136,2025,planning,국제학술대회,Socratic Planner: Self-QA-Based Zero-Shot Planning for Embodied Instruction Following,신수연,서울대학교,ICRA,https://scholar.google.com/scholar?q=%22Socratic+Planner%3A+Self-QA-Based+Zero-Shot+Planning+for+Embodied+Instruction+Following%22,https://www.dbpia.co.kr/search/topSearch?query=Socratic+Planner%3A+Self-QA-Based+Zero-Shot+Planning+for+Embodied+Instruction+Following,
P0137,2025,planning,국제학술대회,CLIP-RT: Learning Language-Conditioned Robotic Policies from Natural Language Supervision,강기천,서울대학교,RSS,https://scholar.google.com/scholar?q=%22CLIP-RT%3A+Learning+Language-Conditioned+Robotic+Policies+from+Natural+Language+Supervision%22,https://www.dbpia.co.kr/search/topSearch?query=CLIP-RT%3A+Learning+Language-Conditioned+Robotic+Policies+from+Natural+Language+Supervision,
P0138,2025,planning,국제학술대회,Policy Learning from Large Vision-Language Model Feedback Without Reward Modeling,Tung M. Luu,한국과학기술원,IROS,https://scholar.google.com/scholar?q=%22Policy+Learning+from+Large+Vision-Language+Model+Feedback+Without+Reward+Modeling%22,https://www.dbpia.co.kr/search/topSearch?query=Policy+Learning+from+Large+Vision-Language+Model+Feedback+Without+Reward+Modeling,
P0139,2025,planning,국내학술대회,비모달 복원을 이용한 폐색 환경에서의 비디오 기반 로봇 정책 학습,이규근,한양대학교,한국컴퓨터종합학술대회,https://scholar.google.com/scholar?q=%22%EB%B9%84%EB%AA%A8%EB%8B%AC+%EB%B3%B5%EC%9B%90%EC%9D%84+%EC%9D%B4%EC%9A%A9%ED%95%9C+%ED%8F%90%EC%83%89+%ED%99%98%EA%B2%BD%EC%97%90%EC%84%9C%EC%9D%98+%EB%B9%84%EB%94%94%EC%98%A4+%EA%B8%B0%EB%B0%98+%EB%A1%9C%EB%B4%87+%EC%A0%95%EC%B1%85+%ED%95%99%EC%8A%B5%22,https://www.dbpia.co.kr/search/topSearch?query=%EB%B9%84%EB%AA%A8%EB%8B%AC+%EB%B3%B5%EC%9B%90%EC%9D%84+%EC%9D%B4%EC%9A%A9%ED%95%9C+%ED%8F%90%EC%83%89+%ED%99%98%EA%B2%BD%EC%97%90%EC%84%9C%EC%9D%98+%EB%B9%84%EB%94%94%EC%98%A4+%EA%B8%B0%EB%B0%98+%EB%A1%9C%EB%B4%87+%EC%A0%95%EC%B1%85+%ED%95%99%EC%8A%B5,
P0140,2024,planning,국제학술대회,LoTa-Bench: Benchmarking Language-oriented Task Planners for Embodied Agents,Jae-Woo Choi;Youngwoo Yoon;Hyobin Ong;Jaehong Kim;Minsu Jang,한국전자통신연구원,International Conference on Learning Representations (ICLR),https://scholar.google.com/scholar?q=%22LoTa-Bench%3A+Benchmarking+Language-oriented+Task+Planners+for+Embodied+Agents%22,https://www.dbpia.co.kr/search/topSearch?query=LoTa-Bench%3A+Benchmarking+Language-oriented+Task+Planners+for+Embodied+Agents,
P0141,2024,planning,국제학술대회,HAPFI: History-Aware Planning based on Fused Information,전수진;신수연;장병탁,서울대학교,IEEE International Conference on Robotics and Automation,https://scholar.google.com/scholar?q=%22HAPFI%3A+History-Aware+Planning+based+on+Fused+Information%22,https://www.dbpia.co.kr/search/topSearch?query=HAPFI%3A+History-Aware+Planning+based+on+Fused+Information,
P0142,2024,planning,국내학술대회,SLAM으로 바라본 물체 학습 (Learning Objects as SLAM),고현성;장병탁,서울대학교,2024 한국컴퓨터종합학술대회(KCC),https://scholar.google.com/scholar?q=%22SLAM%EC%9C%BC%EB%A1%9C+%EB%B0%94%EB%9D%BC%EB%B3%B8+%EB%AC%BC%EC%B2%B4+%ED%95%99%EC%8A%B5+%28Learning+Objects+as+SLAM%29%22,https://www.dbpia.co.kr/search/topSearch?query=SLAM%EC%9C%BC%EB%A1%9C+%EB%B0%94%EB%9D%BC%EB%B3%B8+%EB%AC%BC%EC%B2%B4+%ED%95%99%EC%8A%B5+%28Learning+Objects+as+SLAM%29,
P0143,2024,planning,SCI(E) 저널,Visual Hindsight Self-Imitation Learning for Interactive Navigation,김기범;이문헌;이민후;신기성;이민수;장병탁,서울대학교,IEEE Access,https://scholar.google.com/scholar?q=%22Visual+Hindsight+Self-Imitation+Learning+for+Interactive+Navigation%22,https://www.dbpia.co.kr/search/topSearch?query=Visual+Hindsight+Self-Imitation+Learning+for+Interactive+Navigation,
P0144,2024,planning,국내학술대회,관절형 물체를 대상으로 질의문에 맞는 파지 동작을 추정하는 시각-언어 시스템,임승현;이준기;장병탁,서울대학교,2024 한국컴퓨터종합학술대회(KCC),https://scholar.google.com/scholar?q=%22%EA%B4%80%EC%A0%88%ED%98%95+%EB%AC%BC%EC%B2%B4%EB%A5%BC+%EB%8C%80%EC%83%81%EC%9C%BC%EB%A1%9C+%EC%A7%88%EC%9D%98%EB%AC%B8%EC%97%90+%EB%A7%9E%EB%8A%94+%ED%8C%8C%EC%A7%80+%EB%8F%99%EC%9E%91%EC%9D%84+%EC%B6%94%EC%A0%95%ED%95%98%EB%8A%94+%EC%8B%9C%EA%B0%81-%EC%96%B8%EC%96%B4+%EC%8B%9C%EC%8A%A4%ED%85%9C%22,https://www.dbpia.co.kr/search/topSearch?query=%EA%B4%80%EC%A0%88%ED%98%95+%EB%AC%BC%EC%B2%B4%EB%A5%BC+%EB%8C%80%EC%83%81%EC%9C%BC%EB%A1%9C+%EC%A7%88%EC%9D%98%EB%AC%B8%EC%97%90+%EB%A7%9E%EB%8A%94+%ED%8C%8C%EC%A7%80+%EB%8F%99%EC%9E%91%EC%9D%84+%EC%B6%94%EC%A0%95%ED%95%98%EB%8A%94+%EC%8B%9C%EA%B0%81-%EC%96%B8%EC%96%B4+%EC%8B%9C%EC%8A%A4%ED%85%9C,
P0145,2024,planning,비SCI(E) 저널;국내학술대회,모바일 조작 로봇의 물체 구분 지도학습을 위한 실시간 대화 기반 라벨링 제안,유영재;이윤수;장병탁,서울대학교,한국정보과학회 (정보과학회 컴퓨팅의 실제 논문지 제30권 제3호),https://scholar.google.com/scholar?q=%22%EB%AA%A8%EB%B0%94%EC%9D%BC+%EC%A1%B0%EC%9E%91+%EB%A1%9C%EB%B4%87%EC%9D%98+%EB%AC%BC%EC%B2%B4+%EA%B5%AC%EB%B6%84+%EC%A7%80%EB%8F%84%ED%95%99%EC%8A%B5%EC%9D%84+%EC%9C%84%ED%95%9C+%EC%8B%A4%EC%8B%9C%EA%B0%84+%EB%8C%80%ED%99%94+%EA%B8%B0%EB%B0%98+%EB%9D%BC%EB%B2%A8%EB%A7%81+%EC%A0%9C%EC%95%88%22,https://www.dbpia.co.kr/search/topSearch?query=%EB%AA%A8%EB%B0%94%EC%9D%BC+%EC%A1%B0%EC%9E%91+%EB%A1%9C%EB%B4%87%EC%9D%98+%EB%AC%BC%EC%B2%B4+%EA%B5%AC%EB%B6%84+%EC%A7%80%EB%8F%84%ED%95%99%EC%8A%B5%EC%9D%84+%EC%9C%84%ED%95%9C+%EC%8B%A4%EC%8B%9C%EA%B0%84+%EB%8C%80%ED%99%94+%EA%B8%B0%EB%B0%98+%EB%9D%BC%EB%B2%A8%EB%A7%81+%EC%A0%9C%EC%95%88,
P0146,2024,planning,국내학술대회,병목지점 이해를 통한 로봇 모방학습 시연 선형 데이터 증강 방법 제안,김민지;이강훈;김현서;이민수;장병탁,서울대학교,2024 한국컴퓨터종합학술대회(KCC),https://scholar.google.com/scholar?q=%22%EB%B3%91%EB%AA%A9%EC%A7%80%EC%A0%90+%EC%9D%B4%ED%95%B4%EB%A5%BC+%ED%86%B5%ED%95%9C+%EB%A1%9C%EB%B4%87+%EB%AA%A8%EB%B0%A9%ED%95%99%EC%8A%B5+%EC%8B%9C%EC%97%B0+%EC%84%A0%ED%98%95+%EB%8D%B0%EC%9D%B4%ED%84%B0+%EC%A6%9D%EA%B0%95+%EB%B0%A9%EB%B2%95+%EC%A0%9C%EC%95%88%22,https://www.dbpia.co.kr/search/topSearch?query=%EB%B3%91%EB%AA%A9%EC%A7%80%EC%A0%90+%EC%9D%B4%ED%95%B4%EB%A5%BC+%ED%86%B5%ED%95%9C+%EB%A1%9C%EB%B4%87+%EB%AA%A8%EB%B0%A9%ED%95%99%EC%8A%B5+%EC%8B%9C%EC%97%B0+%EC%84%A0%ED%98%95+%EB%8D%B0%EC%9D%B4%ED%84%B0+%EC%A6%9D%EA%B0%95+%EB%B0%A9%EB%B2%95+%EC%A0%9C%EC%95%88,
P0147,2024,planning,국내학술대회,오프라인 메타 강화학습의 태스크 표상으로부터 정책 정보를 복원 분리하는 기법에 대한 연구,박진우;장병탁,서울대학교,2024 한국컴퓨터종합학술대회(KCC),https://scholar.google.com/scholar?q=%22%EC%98%A4%ED%94%84%EB%9D%BC%EC%9D%B8+%EB%A9%94%ED%83%80+%EA%B0%95%ED%99%94%ED%95%99%EC%8A%B5%EC%9D%98+%ED%83%9C%EC%8A%A4%ED%81%AC+%ED%91%9C%EC%83%81%EC%9C%BC%EB%A1%9C%EB%B6%80%ED%84%B0+%EC%A0%95%EC%B1%85+%EC%A0%95%EB%B3%B4%EB%A5%BC+%EB%B3%B5%EC%9B%90+%EB%B6%84%EB%A6%AC%ED%95%98%EB%8A%94+%EA%B8%B0%EB%B2%95%EC%97%90+%EB%8C%80%ED%95%9C+%EC%97%B0%EA%B5%AC%22,https://www.dbpia.co.kr/search/topSearch?query=%EC%98%A4%ED%94%84%EB%9D%BC%EC%9D%B8+%EB%A9%94%ED%83%80+%EA%B0%95%ED%99%94%ED%95%99%EC%8A%B5%EC%9D%98+%ED%83%9C%EC%8A%A4%ED%81%AC+%ED%91%9C%EC%83%81%EC%9C%BC%EB%A1%9C%EB%B6%80%ED%84%B0+%EC%A0%95%EC%B1%85+%EC%A0%95%EB%B3%B4%EB%A5%BC+%EB%B3%B5%EC%9B%90+%EB%B6%84%EB%A6%AC%ED%95%98%EB%8A%94+%EA%B8%B0%EB%B2%95%EC%97%90+%EB%8C%80%ED%95%9C+%EC%97%B0%EA%B5%AC,
P0148,2024,planning,비SCI(E) 저널,소셜로봇의 신뢰성 향상을 위한 클래스별 문턱값 기반 분포 외 탐지,황지현;장민수,한국전자통신연구원,한국로봇학회 논문지,https://scholar.google.com/scholar?q=%22%EC%86%8C%EC%85%9C%EB%A1%9C%EB%B4%87%EC%9D%98+%EC%8B%A0%EB%A2%B0%EC%84%B1+%ED%96%A5%EC%83%81%EC%9D%84+%EC%9C%84%ED%95%9C+%ED%81%B4%EB%9E%98%EC%8A%A4%EB%B3%84+%EB%AC%B8%ED%84%B1%EA%B0%92+%EA%B8%B0%EB%B0%98+%EB%B6%84%ED%8F%AC+%EC%99%B8+%ED%83%90%EC%A7%80%22,https://www.dbpia.co.kr/search/topSearch?query=%EC%86%8C%EC%85%9C%EB%A1%9C%EB%B4%87%EC%9D%98+%EC%8B%A0%EB%A2%B0%EC%84%B1+%ED%96%A5%EC%83%81%EC%9D%84+%EC%9C%84%ED%95%9C+%ED%81%B4%EB%9E%98%EC%8A%A4%EB%B3%84+%EB%AC%B8%ED%84%B1%EA%B0%92+%EA%B8%B0%EB%B0%98+%EB%B6%84%ED%8F%AC+%EC%99%B8+%ED%83%90%EC%A7%80,
P0149,2024,planning,비SCI(E) 저널,언어 모델 기반 작업계획 기술 벤치마크 동향,옹효빈;장민수,한국전자통신연구원,TTA 저널,https://scholar.google.com/scholar?q=%22%EC%96%B8%EC%96%B4+%EB%AA%A8%EB%8D%B8+%EA%B8%B0%EB%B0%98+%EC%9E%91%EC%97%85%EA%B3%84%ED%9A%8D+%EA%B8%B0%EC%88%A0+%EB%B2%A4%EC%B9%98%EB%A7%88%ED%81%AC+%EB%8F%99%ED%96%A5%22,https://www.dbpia.co.kr/search/topSearch?query=%EC%96%B8%EC%96%B4+%EB%AA%A8%EB%8D%B8+%EA%B8%B0%EB%B0%98+%EC%9E%91%EC%97%85%EA%B3%84%ED%9A%8D+%EA%B8%B0%EC%88%A0+%EB%B2%A4%EC%B9%98%EB%A7%88%ED%81%AC+%EB%8F%99%ED%96%A5,
P0150,2023,planning,국제학술대회,Disposable Transfer Learning for Selective Source Task Unlearning,Seunghee Koh;Hyounguk Shon;Janghyeon Lee;Hyeong Gwon Hong;Junmo Kim,경희대학교,"IEEE/CVF International Conference on Computer Vision (ICCV), 2023",https://scholar.google.com/scholar?q=%22Disposable+Transfer+Learning+for+Selective+Source+Task+Unlearning%22,https://www.dbpia.co.kr/search/topSearch?query=Disposable+Transfer+Learning+for+Selective+Source+Task+Unlearning,
P0151,2023,planning,국제학술대회,Context-Aware Planning and Environment-Aware Memory for Instruction Following Embodied Agents,Byeonghwi Kim;Jinyeon Kim;Yuyeong Kim;Cheolhong Min;Jonghyun Choi,서울대학교,International Conference on Computer Vision (ICCV 2023),https://scholar.google.com/scholar?q=%22Context-Aware+Planning+and+Environment-Aware+Memory+for+Instruction+Following+Embodied+Agents%22,https://www.dbpia.co.kr/search/topSearch?query=Context-Aware+Planning+and+Environment-Aware+Memory+for+Instruction+Following+Embodied+Agents,
P0152,2023,planning,국제학술대회,EXOT: Exit-aware Object Tracker for Safe Robotic Manipulation of Moving Object,김현서;윤혜정;김민지;한동식;장병탁,서울대학교,2023 IEEE International Conference on Robotics and Automation (ICRA),https://scholar.google.com/scholar?q=%22EXOT%3A+Exit-aware+Object+Tracker+for+Safe+Robotic+Manipulation+of+Moving+Object%22,https://www.dbpia.co.kr/search/topSearch?query=EXOT%3A+Exit-aware+Object+Tracker+for+Safe+Robotic+Manipulation+of+Moving+Object,
P0153,2023,planning,국제학술대회,GVCCI: Lifelong Learning of Visual Grounding for Language-Guided Robotic Manipulation,김정현;강기천;김재인;신수연;장병탁,서울대학교,IEEE/RSJ International Conference on Intelligence Robots and Systems (IROS 2023),https://scholar.google.com/scholar?q=%22GVCCI%3A+Lifelong+Learning+of+Visual+Grounding+for+Language-Guided+Robotic+Manipulation%22,https://www.dbpia.co.kr/search/topSearch?query=GVCCI%3A+Lifelong+Learning+of+Visual+Grounding+for+Language-Guided+Robotic+Manipulation,
P0154,2023,planning,국제학술대회,Multi-Level Compositional Reasoning for Interactive Instruction Following,Suvaansh Bhambri;Byeonghwi Kim;Jonghyun Choi,서울대학교,The Thirty-Seventh AAAI Conference on Artificial Intelligence (AAAI 2023),https://scholar.google.com/scholar?q=%22Multi-Level+Compositional+Reasoning+for+Interactive+Instruction+Following%22,https://www.dbpia.co.kr/search/topSearch?query=Multi-Level+Compositional+Reasoning+for+Interactive+Instruction+Following,
P0155,2023,planning,국제학술대회,Neural Collage Transfer:Artistic Reconstruction via Material Manipulation,이강훈;김민지;이윤수;이민수;장병탁,서울대학교,2023 International Conference on Computer Vision (ICCV 2023),https://scholar.google.com/scholar?q=%22Neural+Collage+Transfer%3AArtistic+Reconstruction+via+Material+Manipulation%22,https://www.dbpia.co.kr/search/topSearch?query=Neural+Collage+Transfer%3AArtistic+Reconstruction+via+Material+Manipulation,
P0156,2023,planning,국제학술대회,Robust Map Fusion with Visual Attention Utilizing Multi-agent Rendezvous,김재인;한동식;장병탁,서울대학교,2023 IEEE International Conference on Robotics and Automation (ICRA),https://scholar.google.com/scholar?q=%22Robust+Map+Fusion+with+Visual+Attention+Utilizing+Multi-agent+Rendezvous%22,https://www.dbpia.co.kr/search/topSearch?query=Robust+Map+Fusion+with+Visual+Attention+Utilizing+Multi-agent+Rendezvous,
P0157,2023,planning,국제학술대회,Uncertainty-Resolving Questions for Social Robots,Minjung Shin;Minsu Jang;Miyoung Cho;Jeh-Kwang Ryu,서울대학교,"Companion of the 2023 ACM/IEEE International Conference on Human-Robot Interaction (HRI ’23 Companion),",https://scholar.google.com/scholar?q=%22Uncertainty-Resolving+Questions+for+Social+Robots%22,https://www.dbpia.co.kr/search/topSearch?query=Uncertainty-Resolving+Questions+for+Social+Robots,
P0158,2023,planning,국내학술대회,공간 정보 지도를 활용한 사람 보조 로봇,윤혜정;김준오;박예솔;장병탁,서울대학교,한국정보과학회 소프트웨어종합학술대회 (KSC) 2023,https://scholar.google.com/scholar?q=%22%EA%B3%B5%EA%B0%84+%EC%A0%95%EB%B3%B4+%EC%A7%80%EB%8F%84%EB%A5%BC+%ED%99%9C%EC%9A%A9%ED%95%9C+%EC%82%AC%EB%9E%8C+%EB%B3%B4%EC%A1%B0+%EB%A1%9C%EB%B4%87%22,https://www.dbpia.co.kr/search/topSearch?query=%EA%B3%B5%EA%B0%84+%EC%A0%95%EB%B3%B4+%EC%A7%80%EB%8F%84%EB%A5%BC+%ED%99%9C%EC%9A%A9%ED%95%9C+%EC%82%AC%EB%9E%8C+%EB%B3%B4%EC%A1%B0+%EB%A1%9C%EB%B4%87,
P0159,2023,planning,국내학술대회,그리디 파지 알고리즘을 활용한 강건한 암로봇 파지 시스템,김준오;윤혜정;박예솔;장병탁,서울대학교,한국정보과학회 소프트웨어종합학술대회 (KSC) 2023,https://scholar.google.com/scholar?q=%22%EA%B7%B8%EB%A6%AC%EB%94%94+%ED%8C%8C%EC%A7%80+%EC%95%8C%EA%B3%A0%EB%A6%AC%EC%A6%98%EC%9D%84+%ED%99%9C%EC%9A%A9%ED%95%9C+%EA%B0%95%EA%B1%B4%ED%95%9C+%EC%95%94%EB%A1%9C%EB%B4%87+%ED%8C%8C%EC%A7%80+%EC%8B%9C%EC%8A%A4%ED%85%9C%22,https://www.dbpia.co.kr/search/topSearch?query=%EA%B7%B8%EB%A6%AC%EB%94%94+%ED%8C%8C%EC%A7%80+%EC%95%8C%EA%B3%A0%EB%A6%AC%EC%A6%98%EC%9D%84+%ED%99%9C%EC%9A%A9%ED%95%9C+%EA%B0%95%EA%B1%B4%ED%95%9C+%EC%95%94%EB%A1%9C%EB%B4%87+%ED%8C%8C%EC%A7%80+%EC%8B%9C%EC%8A%A4%ED%85%9C,
P0160,2023,planning,국내학술대회,배경 제거와 평면 군집화를 이용한 로봇 진공 그리퍼의 물체 파지 위치 추정,임승현;유영재;장병탁,서울대학교,한국정보과학회 컴퓨터종합합술대회 (KCC) 2023,https://scholar.google.com/scholar?q=%22%EB%B0%B0%EA%B2%BD+%EC%A0%9C%EA%B1%B0%EC%99%80+%ED%8F%89%EB%A9%B4+%EA%B5%B0%EC%A7%91%ED%99%94%EB%A5%BC+%EC%9D%B4%EC%9A%A9%ED%95%9C+%EB%A1%9C%EB%B4%87+%EC%A7%84%EA%B3%B5+%EA%B7%B8%EB%A6%AC%ED%8D%BC%EC%9D%98+%EB%AC%BC%EC%B2%B4+%ED%8C%8C%EC%A7%80+%EC%9C%84%EC%B9%98+%EC%B6%94%EC%A0%95%22,https://www.dbpia.co.kr/search/topSearch?query=%EB%B0%B0%EA%B2%BD+%EC%A0%9C%EA%B1%B0%EC%99%80+%ED%8F%89%EB%A9%B4+%EA%B5%B0%EC%A7%91%ED%99%94%EB%A5%BC+%EC%9D%B4%EC%9A%A9%ED%95%9C+%EB%A1%9C%EB%B4%87+%EC%A7%84%EA%B3%B5+%EA%B7%B8%EB%A6%AC%ED%8D%BC%EC%9D%98+%EB%AC%BC%EC%B2%B4+%ED%8C%8C%EC%A7%80+%EC%9C%84%EC%B9%98+%EC%B6%94%EC%A0%95,
P0161,2023,planning,국내학술대회,시각적 인식을 기반으로 한 보조 모바일 로봇 시스템,윤혜정;김준오;박예솔;장병탁,서울대학교,한국정보과학회 컴퓨터종합합술대회 (KCC) 2023,https://scholar.google.com/scholar?q=%22%EC%8B%9C%EA%B0%81%EC%A0%81+%EC%9D%B8%EC%8B%9D%EC%9D%84+%EA%B8%B0%EB%B0%98%EC%9C%BC%EB%A1%9C+%ED%95%9C+%EB%B3%B4%EC%A1%B0+%EB%AA%A8%EB%B0%94%EC%9D%BC+%EB%A1%9C%EB%B4%87+%EC%8B%9C%EC%8A%A4%ED%85%9C%22,https://www.dbpia.co.kr/search/topSearch?query=%EC%8B%9C%EA%B0%81%EC%A0%81+%EC%9D%B8%EC%8B%9D%EC%9D%84+%EA%B8%B0%EB%B0%98%EC%9C%BC%EB%A1%9C+%ED%95%9C+%EB%B3%B4%EC%A1%B0+%EB%AA%A8%EB%B0%94%EC%9D%BC+%EB%A1%9C%EB%B4%87+%EC%8B%9C%EC%8A%A4%ED%85%9C,
P0162,2023,planning,국내학술대회,이동형 조작 로봇의 강건한 물체 파지를 위한 RGB-D 이미지 기반 3차원 비학습 물체 탐지,유영재;전수진;장병탁,서울대학교,한국정보과학회 컴퓨터종합합술대회 (KCC) 2023,https://scholar.google.com/scholar?q=%22%EC%9D%B4%EB%8F%99%ED%98%95+%EC%A1%B0%EC%9E%91+%EB%A1%9C%EB%B4%87%EC%9D%98+%EA%B0%95%EA%B1%B4%ED%95%9C+%EB%AC%BC%EC%B2%B4+%ED%8C%8C%EC%A7%80%EB%A5%BC+%EC%9C%84%ED%95%9C+RGB-D+%EC%9D%B4%EB%AF%B8%EC%A7%80+%EA%B8%B0%EB%B0%98+3%EC%B0%A8%EC%9B%90+%EB%B9%84%ED%95%99%EC%8A%B5+%EB%AC%BC%EC%B2%B4+%ED%83%90%EC%A7%80%22,https://www.dbpia.co.kr/search/topSearch?query=%EC%9D%B4%EB%8F%99%ED%98%95+%EC%A1%B0%EC%9E%91+%EB%A1%9C%EB%B4%87%EC%9D%98+%EA%B0%95%EA%B1%B4%ED%95%9C+%EB%AC%BC%EC%B2%B4+%ED%8C%8C%EC%A7%80%EB%A5%BC+%EC%9C%84%ED%95%9C+RGB-D+%EC%9D%B4%EB%AF%B8%EC%A7%80+%EA%B8%B0%EB%B0%98+3%EC%B0%A8%EC%9B%90+%EB%B9%84%ED%95%99%EC%8A%B5+%EB%AC%BC%EC%B2%B4+%ED%83%90%EC%A7%80,"dup-ok: umc 2025 / planning 2023 동일 제목 중복 등재 (원본 사이트 데이터 그대로 보존, 사실 확인 필요)"
P0163,2023,planning,국내학술대회,인간-로봇간의 자연스러운 대화를 위한 비동기적 프롬프트 탐지,김태영;유영재;박재문;장병탁,서울대학교,한국정보과학회 소프트웨어종합학술대회 (KSC) 2023,https://scholar.google.com/scholar?q=%22%EC%9D%B8%EA%B0%84-%EB%A1%9C%EB%B4%87%EA%B0%84%EC%9D%98+%EC%9E%90%EC%97%B0%EC%8A%A4%EB%9F%AC%EC%9A%B4+%EB%8C%80%ED%99%94%EB%A5%BC+%EC%9C%84%ED%95%9C+%EB%B9%84%EB%8F%99%EA%B8%B0%EC%A0%81+%ED%94%84%EB%A1%AC%ED%94%84%ED%8A%B8+%ED%83%90%EC%A7%80%22,https://www.dbpia.co.kr/search/topSearch?query=%EC%9D%B8%EA%B0%84-%EB%A1%9C%EB%B4%87%EA%B0%84%EC%9D%98+%EC%9E%90%EC%97%B0%EC%8A%A4%EB%9F%AC%EC%9A%B4+%EB%8C%80%ED%99%94%EB%A5%BC+%EC%9C%84%ED%95%9C+%EB%B9%84%EB%8F%99%EA%B8%B0%EC%A0%81+%ED%94%84%EB%A1%AC%ED%94%84%ED%8A%B8+%ED%83%90%EC%A7%80,
P0164,2023,planning,국내학술대회,절차적 비디오 이해를 위한 행동 이해 태스크에서의 편향 탐구,김주찬;정민준;장병탁,서울대학교,한국정보과학회 소프트웨어종합학술대회 (KSC) 2023,https://scholar.google.com/scholar?q=%22%EC%A0%88%EC%B0%A8%EC%A0%81+%EB%B9%84%EB%94%94%EC%98%A4+%EC%9D%B4%ED%95%B4%EB%A5%BC+%EC%9C%84%ED%95%9C+%ED%96%89%EB%8F%99+%EC%9D%B4%ED%95%B4+%ED%83%9C%EC%8A%A4%ED%81%AC%EC%97%90%EC%84%9C%EC%9D%98+%ED%8E%B8%ED%96%A5+%ED%83%90%EA%B5%AC%22,https://www.dbpia.co.kr/search/topSearch?query=%EC%A0%88%EC%B0%A8%EC%A0%81+%EB%B9%84%EB%94%94%EC%98%A4+%EC%9D%B4%ED%95%B4%EB%A5%BC+%EC%9C%84%ED%95%9C+%ED%96%89%EB%8F%99+%EC%9D%B4%ED%95%B4+%ED%83%9C%EC%8A%A4%ED%81%AC%EC%97%90%EC%84%9C%EC%9D%98+%ED%8E%B8%ED%96%A5+%ED%83%90%EA%B5%AC,
P0165,2023,planning,국내학술대회,하역 로봇의 학습을 위한 가상환경 및 적재 데이터셋 구축,박재문;유영재;장병탁,서울대학교,한국정보과학회 컴퓨터종합합술대회 (KCC) 2023,https://scholar.google.com/scholar?q=%22%ED%95%98%EC%97%AD+%EB%A1%9C%EB%B4%87%EC%9D%98+%ED%95%99%EC%8A%B5%EC%9D%84+%EC%9C%84%ED%95%9C+%EA%B0%80%EC%83%81%ED%99%98%EA%B2%BD+%EB%B0%8F+%EC%A0%81%EC%9E%AC+%EB%8D%B0%EC%9D%B4%ED%84%B0%EC%85%8B+%EA%B5%AC%EC%B6%95%22,https://www.dbpia.co.kr/search/topSearch?query=%ED%95%98%EC%97%AD+%EB%A1%9C%EB%B4%87%EC%9D%98+%ED%95%99%EC%8A%B5%EC%9D%84+%EC%9C%84%ED%95%9C+%EA%B0%80%EC%83%81%ED%99%98%EA%B2%BD+%EB%B0%8F+%EC%A0%81%EC%9E%AC+%EB%8D%B0%EC%9D%B4%ED%84%B0%EC%85%8B+%EA%B5%AC%EC%B6%95,
P0166,2023,planning,국내학술대회,휴리스틱 파지 알고리즘을 활용한 자율형 재활용 로봇 시스템,김준오;장병탁,서울대학교,한국정보과학회 컴퓨터종합합술대회 (KCC) 2023,https://scholar.google.com/scholar?q=%22%ED%9C%B4%EB%A6%AC%EC%8A%A4%ED%8B%B1+%ED%8C%8C%EC%A7%80+%EC%95%8C%EA%B3%A0%EB%A6%AC%EC%A6%98%EC%9D%84+%ED%99%9C%EC%9A%A9%ED%95%9C+%EC%9E%90%EC%9C%A8%ED%98%95+%EC%9E%AC%ED%99%9C%EC%9A%A9+%EB%A1%9C%EB%B4%87+%EC%8B%9C%EC%8A%A4%ED%85%9C%22,https://www.dbpia.co.kr/search/topSearch?query=%ED%9C%B4%EB%A6%AC%EC%8A%A4%ED%8B%B1+%ED%8C%8C%EC%A7%80+%EC%95%8C%EA%B3%A0%EB%A6%AC%EC%A6%98%EC%9D%84+%ED%99%9C%EC%9A%A9%ED%95%9C+%EC%9E%90%EC%9C%A8%ED%98%95+%EC%9E%AC%ED%99%9C%EC%9A%A9+%EB%A1%9C%EB%B4%87+%EC%8B%9C%EC%8A%A4%ED%85%9C,
P0167,2022,planning,국제학술대회,Ask4Help: Learning to Leverage an Expert for Embodied Tasks,Kunal Pratap Singh;Alvaro Herrasti;Aniruddha Kembhavi;Jonghyun Choi;Roozbeh Mottaghi;Luca Weihs,서울대학교,36th Conference on Neural Information Processing Systems (NeurIPS 2022),https://scholar.google.com/scholar?q=%22Ask4Help%3A+Learning+to+Leverage+an+Expert+for+Embodied+Tasks%22,https://www.dbpia.co.kr/search/topSearch?query=Ask4Help%3A+Learning+to+Leverage+an+Expert+for+Embodied+Tasks,
