id,year,title,orgs,countries,numbers,dates,note
PT0001,2025,APPARATUS AND METHOD FOR PERFORMING ROBOT TASK PLANNING BASED ON LARGE LANGUAGE MODEL,한국전자통신연구원,미국 출원,19/379281,2025.11.04,
PT0002,2025,"고령자의 정서지원을 위한 표현 생성장치, 이를 이용한 정서지원 방법 및 이를 포함하는 로봇",한국전자통신연구원,대한민국 출원;미국 출원,10-2025-0088425;19/386338,2025.07.02;2025.11.12,
PT0003,2025,콜라주 생성 과정 자동화를 위한 강화학습 에이전트 학습 장치 및 방법,서울대학교,일본 등록;대한민국 등록,2024-168523;10-2798630,2025.08.22;2025.04.16,
PT0004,2025,로짓 기반 다단계 추론 프레임워크를 이용한 시각 질의 응답 장치 및 방법,서울대학교,대한민국 출원,10-2025-0113320,2025.08.14,
PT0005,2025,멀티모달 추론을 위한 지침 학습을 통한 자가 질문 프레임워크,서울대학교,대한민국 출원,10-2025-0108505,2025.08.06,
PT0006,2025,객체 인스턴스 분할 방법 및 장치,서울대학교,대한민국 출원,10-2025-0091395,2025.07.08,
PT0007,2025,연속행동을 사용하는 강화학습 환경에서 행동 편향 완화를 위한 절단 정규분포 기반 정책을 이용하는 강화학습 방법,서울대학교,대한민국 출원,10-2025-0024621,2025.02.25,
PT0008,2025,클래스 불균형 환경에서의 표상 학습을 위한 능동 메모리 기반 자기 학습 방법 및 장치,서울대학교,PCT 출원,PCT/KR2025/000645,2025.01.10,
PT0009,2025,질의응답인지를 통한 키프레임 셀렉션 기술,한국과학기술원,대한민국 출원,10-2025-0152616,2025.10.21,
PT0010,2025,비디오 기반의 대답 불가능한 질의 응답 데이터 구축 방법 및 비디오 기반 질의에 대한 응답 시스템,한국과학기술원,대한민국 출원,10-2025-0178990,2025.11.24,
PT0011,2025,사용자 피드백을 활용한 데이터 라벨링·모델 학습 ·배포 통합 시스템,광주과학기술원,대한민국 출원,10-2025-0208844,2025.12.24,
PT0012,2025,목표 단어 노이즈 제거를 통한 텍스트 생성 장치 및 텍스트 생성 모델 학습 방법,경희대학교,PCT 출원,PCT/KR2025/019773,2025.11.26,
PT0013,2025,시각적 질의 응답의 질의 정확도를 향상시키는 방법 및 전자 장치,경희대학교,대한민국 출원,10-2025-0195868,2025.12.11,
PT0014,2025,거대 언어 모델을 이용한 스킬 불확실성 기반 로봇 스킬 수행 방법 및 장치,한국전자통신연구원,대한민국 출원;대한민국 등록,10-2023-0175228;10-2901717,2023.12.06;2025.12.15,dup-ok: 출원번호 10-2023-0175228은 2023년 출원 건과 동일 (2025년 등록으로 진행)
PT0015,2024,"개인화된 객체를 인식하는 인공지능 모델 생성 방법 및 장치, 이를 이용한 로봇 제어 방법 및 시스템",서울대학교,대한민국,1020240084985,20240628,
PT0016,2024,멀티모달 추론을 위한 지침 학습을 통한 자가 질문 프레임워크,서울대학교,대한민국,10-2024-0131729,20240927,
PT0017,2024,시각 인식 기반의 자연어 인스트럭션 생성 방법 및 장치,서울대학교,PCT,PCT/KR2024/006527,20240514,
PT0018,2024,시각적 목표 재지정을 통한 강화 학습 방법 및 장치,서울대학교,대한민국,10-2024-0113467,20240823,
PT0019,2024,유아 영감의 단계적 보상 전환을 적용한 강화학습 방법 및 이를 수행하는 강화학습 수 행 장치,서울대학교,대한민국;미국,"10-2024-0055610;18/780,911",20240425;20240723,
PT0020,2024,인공지능 대화 모델을 구축하는 대화 모델 구축 장치 및 방법,서울대학교,대한민국,10-2024-0021113,20240214,
PT0021,2024,"자연어 인스트럭션을 이용한 인공지능 모델 생성 방법, 상기 인공지능 모델을 이용한 로봇 구동 방법 및 장치",서울대학교,PCT,PCT/KR2024/006530,20240514,
PT0022,2024,콜라주 생성 과정 자동화를 위한 강화학습 에이전트 학습 장치 및 방법,서울대학교,대한민국,1020240031788,20240306,
PT0023,2024,클래스 불균형 환경에서의 표상 학습을 위한 능동 메모리 기반 자기 학습 방법 및 장치,서울대학교,대한민국,10-2024-0108293,20240813,
PT0024,2023,비디오 질의 응답을 위한 질의 난이도 추정장치 및 그 방법,경희대학교,대한민국,10-2023-0174402,20231205,
PT0025,2023,OUT-OF-DISTRIBUTION DETECTION SYSTEM AND METHOD BASED ON FEATURE MAP OF CONVOLUTIONAL NEURAL NETWORK,광주과학기술원,미국,US/18/518159,20231122,
PT0026,2023,합성곱 신경망의 특징 맵에 기반한 분포 외 탐지 시스템 및 방법,광주과학기술원,대한민국,10-2023-0007306,20230118,
PT0027,2023,기하학적 표현 학습을 위한 스케치 변환 방법 및 장치,서울대학교,대한민국;PCT,10-2023-0089433;PCT/KR2023/011514,20230710;20230804,
PT0028,2023,멀티 모달 비디오 씬 그래프를 구축하는 장치 및 방법,서울대학교,대한민국,10-2023-0011605,20230130,
PT0029,2023,미탐색 타겟 학습을 위한 강화 학습 기반의 다중 타겟 분석 방법 및 장치,서울대학교,대한민국,10-2553238-0000,20230704,
PT0030,2023,비디오 스토리 설명문 생성모델의 학습 방법 및 이를 수행하기 위한 컴퓨팅 장치,서울대학교,대한민국,10-2023-0011135,20230127,
PT0031,2023,움직이는 물체를 조작하는 로봇을 위한 물체 추적 장치 및 방법,서울대학교,대한민국,10-2023-0067656,20230525,
PT0032,2023,"비원어민의 음성 인식 향상을 위한 모델 훈련 장치, 그 방법 및 자동 음성 인식 장치",한국과학기술원,대한민국,10-2023-0177087,20231207,
PT0033,2023,METHOD AND APPARATUS FOR RE-TRAINING MODEL BY RECOGNIZING UNCERTAINTY IN ONLINE USER ACTION DETECTION,한국전자통신연구원,미국,18/506600,2023.11.10,
PT0034,2023,거대 언어 모델을 이용한 스킬 불확실성 기반 로봇 스킬 수행 방법 및 장치,한국전자통신연구원,대한민국;미국,10-2023-0175228;18/393944,2023.12.06;2023.12.22,
PT0035,2023,실시간 사용자 행위 탐지의 불확실성 인지를 통해 모델의 재학습을 수행하는 방법 및 장치,한국전자통신연구원,대한민국,10-2023-0140465,2023.10.19,
PT0036,2023,비디오 인코더 및 비디오 인코더의 학습 방법,한양대학교,대한민국,10-2023-0178416,2023.12.11,
PT0037,2023,이미지 질의에 대한 응답 장치 및 방법,한양대학교,대한민국,10-2023-0180499,2023.12.13,
PT0038,2022,질의문 생성 모델 학습 방법 및 그 장치,경희대학교,대한민국,1020220155485,20221118,
PT0039,2022,지식 기반 질의 응답을 위한 구조적 주의 집중 기제 기반의 추론 방법 및 이를 수행하기 위한 컴퓨팅 장치,서울대학교,대한민국,1020220110335,20220831,
PT0040,2022,단어 의미의 모호성 해소를 위한 의미 유지 문장 혼합 방법 및 장치,한국과학기술원,대한민국,1020220168934,20221206,
