id,year,title,type,mode,org,outlet,date,note
PB0001,2025,"GIST, AI·로봇 기반 기술 공개...""배터리 분리·랜선꽂기 마치 사람처럼""",언론,기사 홍보,광주과학기술원,ZDNET Korea,2025.10.01,
PB0002,2025,"2025 GIST 과학문화주간, AI 페스티벌",SNS,채널 홍보,광주과학기술원,페이스북,2025.11.06,
PB0003,2025,"과학·예술·AI, 시민과 함께 즐긴다… GIST 과학문화주간 & AI 페스티벌",언론,기사 홍보,광주과학기술원,동아일보,2025.11.02,
PB0004,2025,"'시민 누구나 즐기는 2주간의 과학·예술·AI 축제'...GIST, '2025 과학문화주간 & AI 페스티벌' 개최",언론,기사 홍보,광주과학기술원,파이낸셜뉴스,2025.10.31,
PB0005,2025,"GIST, 과학문화주간 & AI 페스티벌...""시민과 함께해요""",언론,기사 홍보,광주과학기술원,뉴시스,2025.10.30,
PB0006,2024,'휴머노이드 로봇 혁명' 휴머노이드 / AI 로봇 개발을 위한 요소기술 및 산업전망 세미나에서 절차 생성 AI 자동 평가 기술(LoTa-Bench) 소개,과제성과소개,초청세미나,한국전자통신연구원,-,2024.10.23,
PB0007,2024,"2024 대한민국 과학축제 전시 참가 ""언어기반 로봇 작업계획 기술""",전시회,전시회 참가,한국전자통신연구원,-,2024.04.26-28,
PB0008,2024,"세계 최고 수준 ‘실시간 환경 적응 AI’...GIST, 학습하지 않은 환경·조건에도 작동하는 AI 개발",언론,언론 홍보,한국전자통신연구원,인공지능신문 등 20여개 매체,2024.04.17,
PB0009,2024,"""ETRI 절차생성 AI 자동평가 기술 개발""",언론,언론 홍보,한국전자통신연구원,전자신문 등 20여개 매체,2024.03.08,
PB0010,2023,IEEE RO-MAN 2023 Learning by Asking for Intelligent Robots and Agents (LA4IRA),커뮤니티 활성화,워크샵 개최,한국전자통신연구원,-,2023.08.28,
PB0011,2023,"인공지능 “모르는 건 모른다!” … ‘모르는 데이터’ 식별하는 AI 모델, 오픈소스로 공개",언론,언론 홍보,한국전자통신연구원,인공지능신문 등,2023.05.22,
PB0012,2022,"“태안군, 전자통신연구원과 인공지능 분야 실증체계 구축 협약” 등",언론,언론 홍보,한국전자통신연구원,연합뉴스 외 20여개 매체,2022.11.18,
